car_image_link,car_make,car_mileage,car_model,car_price,car_status,car_title,car_transmission,car_year
"https://www.mycar.mu/public/thumb2.php?src=/listings/mycar_vehicle_listing_2370402105420_7620402105818.png&w=242&h=200&q=100&zc=2,https://www.mycar.mu/public/thumb2.php?src=/listings/mycar_vehicle_listing_3430411044950_180411045611.jpg&w=242&h=200&q=100&zc=2,https://www.mycar.mu/public/thumb2.php?src=/listings/mycar_vehicle_listing_5250410051943_7770410052815.jpg&w=242&h=200&q=100&zc=2,https://www.mycar.mu/public/thumb2.php?src=/listings/mycar_vehicle_listing_2170412074432_3580412075033.jpg&w=242&h=200&q=100&zc=2,https://www.mycar.mu/public/thumb2.php?src=/listings/mycar_vehicle_listing_8570416033501_9480416034129.jpg&w=242&h=200&q=100&zc=2,https://www.mycar.mu/public/thumb2.php?src=/listings/mycar_vehicle_listing_1840526112100_4470526112741.jpeg&w=242&h=200&q=100&zc=2,https://www.mycar.mu/public/thumb2.php?src=/listings/mycar_vehicle_listing_6970416124035_7520416125032.jpg&w=242&h=200&q=100&zc=2,https://www.mycar.mu/public/thumb2.php?src=/listings/mycar_vehicle_listing_9710416122043_7900416123543.jpg&w=242&h=200&q=100&zc=2,https://www.mycar.mu/public/thumb2.php?src=/listings/mycar_vehicle_listing_3770413083222_890413084444.jpg&w=242&h=200&q=100&zc=2,https://www.mycar.mu/public/thumb2.php?src=/listings/mycar_vehicle_listing_46132_8020415083618.jpg&w=242&h=200&q=100&zc=2,https://www.mycar.mu/public/thumb2.php?src=/listings/mycar_vehicle_listing_5210324054728_1350324055307.jpg&w=242&h=200&q=100&zc=2,https://www.mycar.mu/public/thumb2.php?src=/listings/mycar_vehicle_listing_45458_9860301094414.jpeg&w=242&h=200&q=100&zc=2","
BMW X4 2.0
,
,
BMW 3-series 1.5 Sedan
,
,
Honda Civic 1.6 Sedan
,
,
KIA Sportage 2.0
,
Land Rover Range Rover Evoque 2.0
,
,
Audi A5 1.8 Sportback
,
Mercedes-Benz CLA-class 2.0 Coupe
,
,
MINI One 1.2
,
Suzuki Swift Dzire 1.2 sedan
,
,
Suzuki Swift Dzire 1.2 sedan
,
Honda Fit 1.5
,
,
Toyota RAV4 2.0
,
","110,000km,125,500km,35,000km,114,000km,94,000km,46,000km,12,000km,81,000km,28,000km,12,000km,97,000km,112,000km"," - 28i, - 318i, - Turbo, - SI4 HSE, - CLA45AMG, - 2021, - RS, - All Wheel Drive | Leather interior "," 1,800,000 , 850,000 , 1,400,000 , 825,000 , 1,399,000 , 1,125,000 , 3,699,000 , 870,000 , 550,000 , 590,000 , 700,000 , 455,000 ","Pre-Owned Individual,Pre-Owned Individual,Pre-Owned Individual,Pre-Owned Individual,Local Pre-Owned dealer,Pre-Owned Individual,Local Pre-Owned dealer,Local Pre-Owned dealer,Pre-Owned Individual,Pre-Owned Individual,Pre-Owned Individual,Pre-Owned Individual","
BMW X4 2.0
,
,
BMW 3-series 1.5 Sedan
,
,
Honda Civic 1.6 Sedan
,
,
KIA Sportage 2.0
,
Land Rover Range Rover Evoque 2.0
,
,
Audi A5 1.8 Sportback
,
Mercedes-Benz CLA-class 2.0 Coupe
,
,
MINI One 1.2
,
Suzuki Swift Dzire 1.2 sedan
,
,
Suzuki Swift Dzire 1.2 sedan
,
Honda Fit 1.5
,
,
Toyota RAV4 2.0
,
","Automatic,Automatic,CVT,Automatic,Automatic,Manual,Automatic,Automatic,Automatic,Automatic,Automatic,Automatic","Dec 2015,Oct 2015,Jul 2019,Oct 2016,Jul 2013,Jul 2017,Jul 2018,Nov 2015,Mar 2021,Aug 2021,Jun 2016,Jan 2008"
car_image_link,car_make,car_mileage,car_model,car_price,car_status,car_title,car_transmission,car_year
"https://www.mycar.mu/public/thumb2.php?src=/listings/mycar_vehicle_listing_2370402105420_7620402105818.png&w=242&h=200&q=100&zc=2,https://www.mycar.mu/public/thumb2.php?src=/listings/mycar_vehicle_listing_3430411044950_180411045611.jpg&w=242&h=200&q=100&zc=2,https://www.mycar.mu/public/thumb2.php?src=/listings/mycar_vehicle_listing_5250410051943_7770410052815.jpg&w=242&h=200&q=100&zc=2,https://www.mycar.mu/public/thumb2.php?src=/listings/mycar_vehicle_listing_2170412074432_3580412075033.jpg&w=242&h=200&q=100&zc=2,https://www.mycar.mu/public/thumb2.php?src=/listings/mycar_vehicle_listing_9520407021227_1390407021926.jpg&w=242&h=200&q=100&zc=2,https://www.mycar.mu/public/thumb2.php?src=/listings/mycar_vehicle_listing_8570416033501_9480416034129.jpg&w=242&h=200&q=100&zc=2,https://www.mycar.mu/public/thumb2.php?src=/listings/mycar_vehicle_listing_1840526112100_4470526112741.jpeg&w=242&h=200&q=100&zc=2,https://www.mycar.mu/public/thumb2.php?src=/listings/mycar_vehicle_listing_6970416124035_7520416125032.jpg&w=242&h=200&q=100&zc=2,https://www.mycar.mu/public/thumb2.php?src=/listings/mycar_vehicle_listing_9710416122043_7900416123543.jpg&w=242&h=200&q=100&zc=2,https://www.mycar.mu/public/thumb2.php?src=/listings/mycar_vehicle_listing_3770413083222_890413084444.jpg&w=242&h=200&q=100&zc=2,https://www.mycar.mu/public/thumb2.php?src=/listings/mycar_vehicle_listing_46132_8020415083618.jpg&w=242&h=200&q=100&zc=2,https://www.mycar.mu/public/thumb2.php?src=/listings/mycar_vehicle_listing_5210324054728_1350324055307.jpg&w=242&h=200&q=100&zc=2","
BMW X4 2.0
,
,
BMW 3-series 1.5 Sedan
,
,
Honda Civic 1.6 Sedan
,
,
KIA Sportage 2.0
,
Mercedes-Benz C-class 1.8 Sedan
,
,
Land Rover Range Rover Evoque 2.0
,
,
Audi A5 1.8 Sportback
,
Mercedes-Benz CLA-class 2.0 Coupe
,
,
 MINI One 1.2
,
Suzuki Swift Dzire 1.2 sedan
,
,
Suzuki Swift Dzire 1.2 sedan
,
Honda Fit 1.5
,
","110,000km,125,500km,35,000km,114,000km,31,000km,94,000km,46,000km,12,000km,81,000km,28,000km,12,000km,97,000km"," - 28i, - 318i, - Turbo, - C200 KOMPRESSOR, - SI4 HSE, - CLA45AMG, - 2021, - RS"," 1,800,000 , 850,000 , 1,400,000 , 825,000 , 550,000 , 1,399,000 , 1,125,000 , 3,699,000 , 870,000 , 550,000 , 590,000 , 700,000 ","Pre-Owned Individual,Pre-Owned Individual,Pre-Owned Individual,Pre-Owned Individual,Pre-Owned Individual,Local Pre-Owned dealer,Pre-Owned Individual,Local Pre-Owned dealer,Local Pre-Owned dealer,Pre-Owned Individual,Pre-Owned Individual,Pre-Owned Individual","
BMW X4 2.0
,
,
BMW 3-series 1.5 Sedan
,
,
Honda Civic 1.6 Sedan
,
,
KIA Sportage 2.0
,
Mercedes-Benz C-class 1.8 Sedan
,
,
Land Rover Range Rover Evoque 2.0
,
,
Audi A5 1.8 Sportback
,
Mercedes-Benz CLA-class 2.0 Coupe
,
,
 MINI One 1.2
,
Suzuki Swift Dzire 1.2 sedan
,
,
Suzuki Swift Dzire 1.2 sedan
,
Honda Fit 1.5
,
","Automatic,Automatic,CVT,Automatic,Manual,Automatic,Manual,Automatic,Automatic,Automatic,Automatic,Automatic","Dec 2015,Oct 2015,Jul 2019,Oct 2016,Apr 2008,Jul 2013,Jul 2017,Jul 2018,Nov 2015,Mar 2021,Aug 2021,Jun 2016"
"https://www.mycar.mu/public/thumb2.php?src=/listings/mycar_vehicle_listing_45458_9860301094414.jpeg&w=242&h=200&q=100&zc=2,https://www.mycar.mu/public/thumb2.php?src=/listings/mycar_vehicle_listing_400408123705_6160408124012.jpeg&w=242&h=200&q=100&zc=2,https://www.mycar.mu/public/thumb2.php?src=/listings/mycar_vehicle_listing_1480415044411_9640415044708.jpg&w=242&h=200&q=100&zc=2,https://www.mycar.mu/public/thumb2.php?src=/listings/mycar_vehicle_listing_7250415041724_6120415042546.jpg&w=242&h=200&q=100&zc=2,https://www.mycar.mu/public/thumb2.php?src=/listings/mycar_vehicle_listing_4140325113708_3860325114150.jpg&w=242&h=200&q=100&zc=2,https://www.mycar.mu/public/thumb2.php?src=/listings/mycar_vehicle_listing_8890413040716_7560413041305.jpg&w=242&h=200&q=100&zc=2,https://www.mycar.mu/public/thumb2.php?src=/listings/mycar_vehicle_listing_2760414082507_2700414082937.jpg&w=242&h=200&q=100&zc=2,https://www.mycar.mu/public/thumb2.php?src=/listings/mycar_vehicle_listing_2610415031207_2200415031440.jpg&w=242&h=200&q=100&zc=2,https://www.mycar.mu/public/thumb2.php?src=/listings/mycar_vehicle_listing_9630415113716_8430415115456.jpg&w=242&h=200&q=100&zc=2,https://www.mycar.mu/public/thumb2.php?src=/listings/mycar_vehicle_listing_890415121618_4900415121839.jpg&w=242&h=200&q=100&zc=2,https://www.mycar.mu/public/thumb2.php?src=/listings/mycar_vehicle_listing_45559_710316034636.jpg&w=242&h=200&q=100&zc=2,https://www.mycar.mu/public/thumb2.php?src=/listings/mycar_vehicle_listing_3770415030232_9600415030738.jpg&w=242&h=200&q=100&zc=2","
Toyota RAV4 2.0
,
,
Nissan Qashqai 1.2
,
SsangYong Musso Grand 2.2 Pickup (4x4)
,
Volkswagen Tiguan Allspace 2.0
,
,
SsangYong Musso Grand 2.2 Pickup (4x4)
,
Mitsubishi Motors ASX 1.6
,
Mercedes-Benz C-class 1.8 Coupe
,
Audi Q5 2.0
,
,
Jaguar XF 3.0 Sedan
,
,
Mercedes-Benz B-class 1.6
,
,
BMW 1-series 1.6 Hatchback
,
,
Land Rover Discovery 2.0
,
","112,000km,22,000km,30,000km,39,000km,29,000km,79,800km,168,000km,8,664km,97,000km,120,000km,113,600km,102,000km"," - All Wheel Drive | Leather interior , - 4Motion, - Quattro, - Premium Luxury , - Hatchback, - Twin Turbo, - HSE"," 455,000 , 849,000 , 1,050,000 , 1,550,000 , 1,050,000 , 795,000 , 725,000 , 3,200,000 , 570,000 , 490,000 , 550,000 , 2,000,000 ","Pre-Owned Individual,Pre-Owned Individual,Local Pre-Owned dealer,Local Pre-Owned dealer,Local Pre-Owned dealer,Pre-Owned Individual,Pre-Owned Individual,Local Pre-Owned dealer,Pre-Owned Individual,Pre-Owned Individual,Pre-Owned Individual,Local Pre-Owned dealer","
Toyota RAV4 2.0
,
,
Nissan Qashqai 1.2
,
SsangYong Musso Grand 2.2 Pickup (4x4)
,
Volkswagen Tiguan Allspace 2.0
,
,
SsangYong Musso Grand 2.2 Pickup (4x4)
,
Mitsubishi Motors ASX 1.6
,
Mercedes-Benz C-class 1.8 Coupe
,
Audi Q5 2.0
,
,
Jaguar XF 3.0 Sedan
,
,
Mercedes-Benz B-class 1.6
,
,
BMW 1-series 1.6 Hatchback
,
,
Land Rover Discovery 2.0
,
","Automatic,Manual,Automatic,Automatic,Automatic,Manual,Automatic,Automatic,Automatic,Automatic,Manual,Automatic","Jan 2008,Jul 2018,Sep 2020,Sep 2019,Sep 2020,Jan 2016,Aug 2013,May 2020,Aug 2009,Jul 2012,Mar 2012,Jun 2017"
"https://www.mycar.mu/public/thumb2.php?src=/listings/mycar_vehicle_listing_5080211022022_5120211022220.jpg&w=242&h=200&q=100&zc=2,https://www.mycar.mu/public/thumb2.php?src=/listings/mycar_vehicle_listing_8720211021002_80211021416.jpg&w=242&h=200&q=100&zc=2,https://www.mycar.mu/public/thumb2.php?src=/listings/mycar_vehicle_listing_9310211020613_7000211020839.jpg&w=242&h=200&q=100&zc=2,https://www.mycar.mu/public/thumb2.php?src=/listings/mycar_vehicle_listing_6990211012042_2970211015912.jpg&w=242&h=200&q=100&zc=2,https://www.mycar.mu/public/thumb2.php?src=/listings/mycar_vehicle_listing_29607_3690422032203.png&w=242&h=200&q=100&zc=2,https://www.mycar.mu/public/thumb2.php?src=/listings/mycar_vehicle_listing_8471129033343_7691129033529.jpg&w=242&h=200&q=100&zc=2,https://www.mycar.mu/public/thumb2.php?src=/listings/mycar_vehicle_listing_9971129033744_8611129033938.jpg&w=242&h=200&q=100&zc=2,https://www.mycar.mu/public/thumb2.php?src=/listings/mycar_vehicle_listing_7960415112615_3630415113105.jpg&w=242&h=200&q=100&zc=2,https://www.mycar.mu/public/thumb2.php?src=/listings/mycar_vehicle_listing_6240414063054_640414063349.jpg&w=242&h=200&q=100&zc=2,https://www.mycar.mu/public/thumb2.php?src=/listings/mycar_vehicle_listing_46130_4140415083700.jpg&w=242&h=200&q=100&zc=2,https://www.mycar.mu/public/thumb2.php?src=/listings/mycar_vehicle_listing_4860224111758_6110224124708.jpg&w=242&h=200&q=100&zc=2,https://www.mycar.mu/public/thumb2.php?src=/listings/mycar_vehicle_listing_7990211091723_3750211091856.jpg&w=242&h=200&q=100&zc=2","
Mitsubishi Motors Eclipse Cross 1.5
,
,
Mitsubishi Motors Eclipse Cross 1.5
,
,
Mitsubishi Motors Eclipse Cross 1.5
,
,
Mitsubishi Motors Eclipse Cross 1.5
,
,
Mitsubishi Motors Xpander 1.5
,
,
Mitsubishi Motors Triton 2.5 Pickup (4x2)
,
,
Mitsubishi Motors Triton 2.5 Pickup (4x4)
,
,
Mitsubishi Motors Outlander 2.5
,
,
Honda Vezel 1.5
,
,
Suzuki Swift 1.2 Hatchback
,
,
BMW 3-series 2.0 Sedan
,
,
Nissan Qashqai 1.2
,
","25,000km,14,500km,72,000km,110,000km"," - GLS F58, - GLS FC6, - GLS F53, - GLS F52, - ,7 seater, - EC3, - EC4, - 7 Seater/ Leather (H78), - RS Sensing , - GL, - Luxury, - Turbo"," 2,010,000 , 1,895,000 , 1,750,000 , 1,650,000 , 1,235,000 , 1,180,000 , 1,260,000 , 2,550,000 , 1,345,000 , 590,000 , 645,000 , 600,000 ","New,New,New,New,New,New,New,New,Pre-Owned Individual,Pre-Owned Individual,Local Pre-Owned dealer,Local Pre-Owned dealer","
Mitsubishi Motors Eclipse Cross 1.5
,
,
Mitsubishi Motors Eclipse Cross 1.5
,
,
Mitsubishi Motors Eclipse Cross 1.5
,
,
Mitsubishi Motors Eclipse Cross 1.5
,
,
Mitsubishi Motors Xpander 1.5
,
,
Mitsubishi Motors Triton 2.5 Pickup (4x2)
,
,
Mitsubishi Motors Triton 2.5 Pickup (4x4)
,
,
Mitsubishi Motors Outlander 2.5
,
,
Honda Vezel 1.5
,
,
Suzuki Swift 1.2 Hatchback
,
,
BMW 3-series 2.0 Sedan
,
,
Nissan Qashqai 1.2
,
","CVT,CVT,CVT,CVT,Automatic,Manual,Manual,Automatic,Automatic,Automatic,Automatic,Manual","Petrol,Petrol,Petrol,Petrol,Petrol,Diesel,Diesel,Petrol,Feb 2019,Aug 2021,Sep 2012,Sep 2016"
"https://www.mycar.mu/public/thumb2.php?src=/listings/mycar_vehicle_listing_4870414044704_4150414045016.jpg&w=242&h=200&q=100&zc=2,https://www.mycar.mu/public/thumb2.php?src=/listings/mycar_vehicle_listing_46081_2490414083550.jpeg&w=242&h=200&q=100&zc=2,https://www.mycar.mu/public/thumb2.php?src=/listings/mycar_vehicle_listing_5620414081428_5940414081611.jpg&w=242&h=200&q=100&zc=2,https://www.mycar.mu/public/thumb2.php?src=/listings/mycar_vehicle_listing_3810414081153_7360414081350.jpg&w=242&h=200&q=100&zc=2,https://www.mycar.mu/public/thumb2.php?src=/listings/mycar_vehicle_listing_8820414084504_3030414084941.jpg&w=242&h=200&q=100&zc=2,https://www.mycar.mu/public/thumb2.php?src=/listings/mycar_vehicle_listing_1560414033820_9310414034249.jpg&w=242&h=200&q=100&zc=2,https://www.mycar.mu/public/thumb2.php?src=/listings/mycar_vehicle_listing_4400311030544_8840311031415.jpg&w=242&h=200&q=100&zc=2,https://www.mycar.mu/public/thumb2.php?src=/listings/mycar_vehicle_listing_3510414011401_7520414012121.jpg&w=242&h=200&q=100&zc=2,https://www.mycar.mu/public/thumb2.php?src=/listings/mycar_vehicle_listing_4190414010912_8500414011246.jpg&w=242&h=200&q=100&zc=2,https://www.mycar.mu/public/thumb2.php?src=/listings/mycar_vehicle_listing_4320414010426_1380414010719.jpg&w=242&h=200&q=100&zc=2,https://www.mycar.mu/public/thumb2.php?src=/listings/mycar_vehicle_listing_890414010116_5320414010335.jpg&w=242&h=200&q=100&zc=2,https://www.mycar.mu/public/thumb2.php?src=/listings/mycar_vehicle_listing_440407080547_1890407081108.jpg&w=242&h=200&q=100&zc=2","
Suzuki Swift Dzire 1.2 Hatchback
,
,
Mercedes-Benz C-class 2.0 Sedan
,
,
Jaguar F-Pace 2.0
,
,
Mercedes-Benz C-class 1.6 Sedan
,
,
Mercedes-Benz A-class 1.6 Hatchback
,
Jaguar F-Pace 2.0
,
,
Honda Fit 1.5
,
,
BMW 1-series 1.5 Hatchback
,
,
Toyota Aqua 1.5 Hatchback
,
KIA Sportage 2.0
,
BMW Z4 2.0 Cabriolet
,
,
Honda Vezel 1.5
","31,000km,155,000km,78,000km,49,500km,74,000km,78,000km,40,000km,31,000km,112,000km,250,500km,89,700km,27,000km"," - GL, - AmG pack, - AWD R-Sport, - C180 Avangarde, - R-Sport, - Hatchback, - 116i, - SDRIVE 20I M SPORT"," 500,000 , 850,000 , 1,950,000 , 1,495,000 , 775,000 , 1,950,000 , 640,000 , 825,000 , 565,000 , 365,000 , 1,495,000 , 965,000 ","Pre-Owned Individual,Pre-Owned Individual,Local Pre-Owned dealer,Local Pre-Owned dealer,Local Pre-Owned dealer,Local Pre-Owned dealer,Pre-Owned Individual,Local Pre-Owned dealer,Local Pre-Owned dealer,Local Pre-Owned dealer,Local Pre-Owned dealer,Pre-Owned Individual","
Suzuki Swift Dzire 1.2 Hatchback
,
,
Mercedes-Benz C-class 2.0 Sedan
,
,
Jaguar F-Pace 2.0
,
,
Mercedes-Benz C-class 1.6 Sedan
,
,
Mercedes-Benz A-class 1.6 Hatchback
,
Jaguar F-Pace 2.0
,
,
Honda Fit 1.5
,
,
BMW 1-series 1.5 Hatchback
,
,
Toyota Aqua 1.5 Hatchback
,
KIA Sportage 2.0
,
BMW Z4 2.0 Cabriolet
,
,
Honda Vezel 1.5
","Automatic,Automatic,Automatic,Automatic,Automatic,Automatic,Automatic,Manual,Automatic,Automatic,Automatic,Automatic","Feb 2020,Aug 2012,Feb 2017,Jan 2018,Nov 2014,Feb 2017,Aug 2016,Oct 2017,Mar 2016,Apr 2011,Oct 2013,May 2016"
"https://www.mycar.mu/public/thumb2.php?src=/listings/mycar_vehicle_listing_28946_5270414123106.jpg&w=242&h=200&q=100&zc=2,https://www.mycar.mu/public/thumb2.php?src=/listings/mycar_vehicle_listing_1431_3500203040014.jpg&w=242&h=200&q=100&zc=2,https://www.mycar.mu/public/thumb2.php?src=/listings/mycar_vehicle_listing_9781006085840_6211006090129.jpeg&w=242&h=200&q=100&zc=2,https://www.mycar.mu/public/thumb2.php?src=/listings/mycar_vehicle_listing_5341028114533_2021028114820.jpeg&w=242&h=200&q=100&zc=2,https://www.mycar.mu/public/thumb2.php?src=/listings/mycar_vehicle_listing_110327111527_1200327112157.jpg&w=242&h=200&q=100&zc=2,https://www.mycar.mu/public/thumb2.php?src=/listings/mycar_vehicle_listing_2330414115830_9630414120053.jpg&w=242&h=200&q=100&zc=2,https://www.mycar.mu/public/thumb2.php?src=/listings/mycar_vehicle_listing_7951118112939_4171118113213.jpeg&w=242&h=200&q=100&zc=2,https://www.mycar.mu/public/thumb2.php?src=/listings/mycar_vehicle_listing_8430121120825_6790121121039.jpeg&w=242&h=200&q=100&zc=2,https://www.mycar.mu/public/thumb2.php?src=/listings/mycar_vehicle_listing_9820414114532_3310414115717.jpg&w=242&h=200&q=100&zc=2,https://www.mycar.mu/public/thumb2.php?src=/listings/mycar_vehicle_listing_1470128023451_1530128024317.jpg&w=242&h=200&q=100&zc=2,https://www.mycar.mu/public/thumb2.php?src=/listings/mycar_vehicle_listing_410414112216_5590414112351.jpg&w=242&h=200&q=100&zc=2,https://www.mycar.mu/public/thumb2.php?src=/listings/mycar_vehicle_listing_0060711355_file_5b18e2fa581f6&w=242&h=200&q=100&zc=2","
KIA Cerato 1.6 Sedan
,
,
KIA Rio 1.2 Hatchback
,
,
Mazda 3 1.5 Sedan
,
,
BMW 1-series 1.6 Hatchback
,
,
Volkswagen Touareg 3.0
,
Audi Q3 1.4
,
,
Mercedes-Benz C-class 1.6 Sedan
,
Hyundai Veloster 1.6
,
DS 5 1.6
,
Mercedes-Benz GLC-class 4.0 SUV
,
,
Renault Zoe Electric (100kW)
,
,
Isuzu D-Max 3.0 Pickup (4x4)
,
","50,000km,76,000km,200,000km,26,500km,78,000km,87,000km,75,000km,46,000km"," - LX TECH 1.6AT, - LX 1.2P 5MT, - DELUXE, - MSPORT, - TFSI, - GLC63 4Matic+ AMG, - ZOE Intens (100 KW), - LX "," 1,165,000 , 845,000 , 695,000 , 725,000 , 450,000 , 2,345,000 , 790,000 , 395,000 , 725,000 , 5,200,000 , 1,760,000 , 1,820,000 ","New,New,Local Pre-Owned dealer,Local Pre-Owned dealer,Pre-Owned Individual,Local Pre-Owned dealer,Local Pre-Owned dealer,Local Pre-Owned dealer,Local Pre-Owned dealer,Local Pre-Owned dealer,New,New","
KIA Cerato 1.6 Sedan
,
,
KIA Rio 1.2 Hatchback
,
,
Mazda 3 1.5 Sedan
,
,
BMW 1-series 1.6 Hatchback
,
,
Volkswagen Touareg 3.0
,
Audi Q3 1.4
,
,
Mercedes-Benz C-class 1.6 Sedan
,
Hyundai Veloster 1.6
,
DS 5 1.6
,
Mercedes-Benz GLC-class 4.0 SUV
,
,
Renault Zoe Electric (100kW)
,
,
Isuzu D-Max 3.0 Pickup (4x4)
,
","Automatic,Manual,Automatic,Automatic,Automatic,Automatic,Manual,Automatic,Automatic,Automatic,Automatic,Manual","Petrol,Petrol,Mar 2016,Apr 2014,Mar 2010,Oct 2019,Dec 2014,Jul 2012,Jan 2017,Apr 2019,Electric,Diesel"
"https://www.mycar.mu/public/thumb2.php?src=/listings/mycar_vehicle_listing_4060711504_file_5b18e52661376&w=242&h=200&q=100&zc=2,https://www.mycar.mu/public/thumb2.php?src=/listings/mycar_vehicle_listing_12337_2230213030938.jpg&w=242&h=200&q=100&zc=2,https://www.mycar.mu/public/thumb2.php?src=/listings/mycar_vehicle_listing_0060701383_file_5b18fda8be155&w=242&h=200&q=100&zc=2,https://www.mycar.mu/public/thumb2.php?src=/listings/mycar_vehicle_listing_8850413105140_5850413105739.jpg&w=242&h=200&q=100&zc=2,https://www.mycar.mu/public/thumb2.php?src=/listings/mycar_vehicle_listing_1670413082400_7600413083206.jpg&w=242&h=200&q=100&zc=2,https://www.mycar.mu/public/thumb2.php?src=/listings/mycar_vehicle_listing_5450413070135_480413073941.jpg&w=242&h=200&q=100&zc=2,https://www.mycar.mu/public/thumb2.php?src=/listings/mycar_vehicle_listing_1670413103336_5180413103555.jpg&w=242&h=200&q=100&zc=2,https://www.mycar.mu/public/thumb2.php?src=/listings/mycar_vehicle_listing_5210413090059.jpg&w=242&h=200&q=100&zc=2,https://www.mycar.mu/public/thumb2.php?src=/listings/mycar_vehicle_listing_3082601090_4082601210.jpg&w=242&h=200&q=100&zc=2,https://www.mycar.mu/public/thumb2.php?src=/listings/mycar_vehicle_listing_6750413045426_8620413045646.jpg&w=242&h=200&q=100&zc=2,https://www.mycar.mu/public/thumb2.php?src=/listings/mycar_vehicle_listing_7550413043515_7580413043737.jpg&w=242&h=200&q=100&zc=2,https://www.mycar.mu/public/thumb2.php?src=/listings/mycar_vehicle_listing_5780718013915_480718014536.jpg&w=242&h=200&q=100&zc=2","
Isuzu D-Max 3.0 Pickup (4x4)
,
,
Isuzu D-Max 2.5 Pickup (4x2)
,
,
Isuzu D-Max 2.5 Pickup (4x4)
,
,
BMW 1-series 1.5 Hatchback
,
,
KIA Picanto 1.0
,
Citroen C3 Aircross 1.2
,
,
BMW X5 M 4.4
,
BMW 6-series 3.0 Coupe
,
,
Nissan X-Trail 2.0
,
Suzuki Swift 1.2 Hatchback
,
Mazda CX-3 2.0
,
,
Audi A4 1.8 Sedan
","24,000km,69,000km,4,500km,91,447km,58,000km,125,000km,27,000km,9,000km,86,300km"," - LX (auto), - LE High Ride, - X-Rider, - 118i, - SHINE, - 640iA Gran Coupe, - AWD (KS77)"," 1,895,000 , 1,195,000 , 1,480,000 , 1,300,000 , 375,000 , 990,000 , 3,062,200 , 2,900,000 , 650,000 , 495,000 , 995,000 , 600,000 ","New,New,New,Pre-Owned Individual,Pre-Owned Individual,Pre-Owned Individual,Local Pre-Owned dealer,Local Pre-Owned dealer,Pre-Owned Individual,Local Pre-Owned dealer,Local Pre-Owned dealer,Local Pre-Owned dealer","
Isuzu D-Max 3.0 Pickup (4x4)
,
,
Isuzu D-Max 2.5 Pickup (4x2)
,
,
Isuzu D-Max 2.5 Pickup (4x4)
,
,
BMW 1-series 1.5 Hatchback
,
,
KIA Picanto 1.0
,
Citroen C3 Aircross 1.2
,
,
BMW X5 M 4.4
,
BMW 6-series 3.0 Coupe
,
,
Nissan X-Trail 2.0
,
Suzuki Swift 1.2 Hatchback
,
Mazda CX-3 2.0
,
,
Audi A4 1.8 Sedan
","Automatic,Manual,Manual,Automatic,Manual,Automatic,Automatic,Automatic,Automatic,Manual,Automatic,Manual","Diesel,Diesel,Diesel,Dec 2018,Oct 2018,Jun 2021,Aug 2016,Mar 2018,Dec 2013,May 2019,Mar 2018,Jun 2014"
"https://www.mycar.mu/public/thumb2.php?src=/listings/mycar_vehicle_listing_6630420022136_8230420023451.jpg&w=242&h=200&q=100&zc=2,https://www.mycar.mu/public/thumb2.php?src=/listings/mycar_vehicle_listing_8950119114915_910119120655.jpg&w=242&h=200&q=100&zc=2,https://www.mycar.mu/public/thumb2.php?src=/listings/mycar_vehicle_listing_6860413023221_7340413033240.jpg&w=242&h=200&q=100&zc=2,https://www.mycar.mu/public/thumb2.php?src=/listings/mycar_vehicle_listing_3580611110220_1840611111130.jpg&w=242&h=200&q=100&zc=2,https://www.mycar.mu/public/thumb2.php?src=/listings/mycar_vehicle_listing_5640121024004_8950121024257.jpg&w=242&h=200&q=100&zc=2,https://www.mycar.mu/public/thumb2.php?src=/listings/mycar_vehicle_listing_43449_1421007124727.jpg&w=242&h=200&q=100&zc=2,https://www.mycar.mu/public/thumb2.php?src=/listings/mycar_vehicle_listing_42504_5570728114006.jpg&w=242&h=200&q=100&zc=2,https://www.mycar.mu/public/thumb2.php?src=/listings/mycar_vehicle_listing_2931119125645_401119010335.jpg&w=242&h=200&q=100&zc=2,https://www.mycar.mu/public/thumb2.php?src=/listings/mycar_vehicle_listing_1911119010545_731119010800.jpg&w=242&h=200&q=100&zc=2,https://www.mycar.mu/public/thumb2.php?src=/listings/mycar_vehicle_listing_7851020123811_661020124644.jpg&w=242&h=200&q=100&zc=2,https://www.mycar.mu/public/thumb2.php?src=/listings/mycar_vehicle_listing_17089_7950903035157.jpg&w=242&h=200&q=100&zc=2,https://www.mycar.mu/public/thumb2.php?src=/listings/mycar_vehicle_listing_17090_8870903035321.jpg&w=242&h=200&q=100&zc=2","
Audi A3 1.2 Sedan
,
Honda Vezel 1.5
,
,
Nissan 370Z 3.7 Coupe
,
Renault Trafic 1.6
,
,
Renault Duster 1.6
,
,
Renault Grand Captur 1.3
,
,
Renault Clio 1.0 Hatchback
,
,
Renault Kiger 1.0
,
,
Renault Kiger 1.0
,
,
Renault Triber 1.0
,
,
Renault Kwid 1.0
,
,
Renault Kwid Climber 1.0
,
","82,000km,39,025km,73,000km"," - Z Package, - Turbo, - DUSTER ZEN 4x2, - II ZEN TURBO, - LIFE 1.0 TURBO, - ZEN 1.0 Turbo, - INTENS 1.0 CVTX, - TRIBER SXT 1.0, - BVR (PH2), - BVR (PH2)"," 890,000 , 1,295,000 , 1,499,000 , 1,450,000 , 990,000 , 1,529,000 , 849,000 , 855,000 , 989,000 , 704,633 , 564,875 , 606,173 ","Local Pre-Owned dealer,Imported / Recon dealer,Local Pre-Owned dealer,New,New,New,New,New,New,New,New,New","
Audi A3 1.2 Sedan
,
Honda Vezel 1.5
,
,
Nissan 370Z 3.7 Coupe
,
Renault Trafic 1.6
,
,
Renault Duster 1.6
,
,
Renault Grand Captur 1.3
,
,
Renault Clio 1.0 Hatchback
,
,
Renault Kiger 1.0
,
,
Renault Kiger 1.0
,
,
Renault Triber 1.0
,
,
Renault Kwid 1.0
,
,
Renault Kwid Climber 1.0
,
","Automatic,Automatic,Automatic,Manual,Manual,Automatic,CVT,Manual,Automatic,Automatic,Automatic,Automatic","Apr 2016,Feb 2018,Jun 2013,Diesel,Diesel,Petrol,Petrol,Petrol,Petrol,Petrol,Petrol,Petrol"
"https://www.mycar.mu/public/thumb2.php?src=/listings/mycar_vehicle_listing_30086_3340903035044.jpg&w=242&h=200&q=100&zc=2,https://www.mycar.mu/public/thumb2.php?src=/listings/mycar_vehicle_listing_8730413014440_4790413014819.jpg&w=242&h=200&q=100&zc=2,https://www.mycar.mu/public/thumb2.php?src=/listings/mycar_vehicle_listing_6410412081636_6950412084117.jpg&w=242&h=200&q=100&zc=2,https://www.mycar.mu/public/thumb2.php?src=/listings/mycar_vehicle_listing_45674_9460314031405.jpeg&w=242&h=200&q=100&zc=2,https://www.mycar.mu/public/thumb2.php?src=/listings/mycar_vehicle_listing_9710413125215_2400413010010.jpg&w=242&h=200&q=100&zc=2,https://www.mycar.mu/public/thumb2.php?src=/listings/mycar_vehicle_listing_39461_3300413125118.jpg&w=242&h=200&q=100&zc=2,https://www.mycar.mu/public/thumb2.php?src=/listings/mycar_vehicle_listing_5870116093507_6160116093934.jpg&w=242&h=200&q=100&zc=2,https://www.mycar.mu/public/thumb2.php?src=/listings/mycar_vehicle_listing_1620218031954_5090218032341.jpg&w=242&h=200&q=100&zc=2,https://www.mycar.mu/public/thumb2.php?src=/listings/mycar_vehicle_listing_7460412042816_7430412043158.jpg&w=242&h=200&q=100&zc=2,https://www.mycar.mu/public/thumb2.php?src=/listings/mycar_vehicle_listing_1890413084900_3250413085213.jpg&w=242&h=200&q=100&zc=2,https://www.mycar.mu/public/thumb2.php?src=/listings/mycar_vehicle_listing_9620330020118_300330020504.jpg&w=242&h=200&q=100&zc=2,https://www.mycar.mu/public/thumb2.php?src=/listings/mycar_vehicle_listing_9640329013232_500329014605.jpg&w=242&h=200&q=100&zc=2","
Renault Kwid 1.0
,
,
Honda Vezel 1.5
,
,
Nissan Micra 1.2 Hatchback
,
BMW 3-series 1.5 Sedan
,
,
Mercedes-Benz E-class 1.8 Coupe
,
,
Subaru Impreza 2.0 Sedan
,
,
BMW 5-series 2.0 Sedan
,
Toyota C-HR 1.2
,
Porsche Panamera 3.6
,
,
Citroen C3 1.4 Hatchback
,
,
Nissan X-Trail 2.0
,
Volkswagen Golf 1.4 Cabriolet
,
","94,000km,50,000km,147,000km,75,000km,147,200km,114,000km,11,969km,76,200km,155,000km,124,000km,110,000km"," - RMT 1.0 BVM (PH2), - X Package, - 318i M Pack, - E250 CGI, - WRX Turbo, - v6, - C3, - TSI"," 519,447 , 825,000 , 350,000 , 790,000 , 1,325,000 , 315,000 , 699,000 , 1,375,000 , 3,300,000 , 210,000 , 850,000 , 650,000 ","New,Local Pre-Owned dealer,Pre-Owned Individual,Pre-Owned Individual,Local Pre-Owned dealer,Local Pre-Owned dealer,Pre-Owned Individual,Local Pre-Owned dealer,Local Pre-Owned dealer,Pre-Owned Individual,Local Pre-Owned dealer,Local Pre-Owned dealer","
Renault Kwid 1.0
,
,
Honda Vezel 1.5
,
,
Nissan Micra 1.2 Hatchback
,
BMW 3-series 1.5 Sedan
,
,
Mercedes-Benz E-class 1.8 Coupe
,
,
Subaru Impreza 2.0 Sedan
,
,
BMW 5-series 2.0 Sedan
,
Toyota C-HR 1.2
,
Porsche Panamera 3.6
,
,
Citroen C3 1.4 Hatchback
,
,
Nissan X-Trail 2.0
,
Volkswagen Golf 1.4 Cabriolet
,
","Manual,Automatic,Manual,Automatic,Automatic,Manual,Automatic,Automatic,Automatic,Manual,Automatic,Manual","Petrol,Jun 2015,Jan 2016,Sep 2015,Mar 2016,Jun 2005,Aug 2012,Sep 2020,Nov 2016,Mar 2012,Apr 2016,May 2013"
"https://www.mycar.mu/public/thumb2.php?src=/listings/mycar_vehicle_listing_3980406110717_9000406112119.jpg&w=242&h=200&q=100&zc=2,https://www.mycar.mu/public/thumb2.php?src=/listings/mycar_vehicle_listing_44921_6100123023016.jpg&w=242&h=200&q=100&zc=2,https://www.mycar.mu/public/thumb2.php?src=/listings/mycar_vehicle_listing_5570411091749_9600411092016.jpeg&w=242&h=200&q=100&zc=2,https://www.mycar.mu/public/thumb2.php?src=/listings/mycar_vehicle_listing_7540411050751_7920411051452.jpg&w=242&h=200&q=100&zc=2,https://www.mycar.mu/public/thumb2.php?src=/listings/mycar_vehicle_listing_20412015336_4610412015524.jpg&w=242&h=200&q=100&zc=2,https://www.mycar.mu/public/thumb2.php?src=/listings/mycar_vehicle_listing_3030412115932_3320412120348.jpg&w=242&h=200&q=100&zc=2,https://www.mycar.mu/public/thumb2.php?src=/listings/mycar_vehicle_listing_4190313111715_5750313112026.jpg&w=242&h=200&q=100&zc=2,https://www.mycar.mu/public/thumb2.php?src=/listings/mycar_vehicle_listing_3270405033720.jpg&w=242&h=200&q=100&zc=2,https://www.mycar.mu/public/thumb2.php?src=/listings/mycar_vehicle_listing_45803_8120323093309.jpg&w=242&h=200&q=100&zc=2,https://www.mycar.mu/public/thumb2.php?src=/listings/mycar_vehicle_listing_4670412101905_9780412102316.jpg&w=242&h=200&q=100&zc=2,https://www.mycar.mu/public/thumb2.php?src=/listings/mycar_vehicle_listing_7680412100959_6040412101337.jpg&w=242&h=200&q=100&zc=2,https://www.mycar.mu/public/thumb2.php?src=/listings/mycar_vehicle_listing_3351124034031_2711124035101.jpg&w=242&h=200&q=100&zc=2","
Nissan Note 1.2 Hatchback
,
KIA Rio 1.2 Hatchback
,
Toyota Aqua 1.5 Hatchback
,
Nissan NV200 1.5
,
,
Mitsubishi Motors Eclipse Cross 1.5
,
Mercedes-Benz CLA-class 2.0 Coupe
,
,
Jaguar E-Pace 2.0
,
,
BMW X2 1.5
,
,
BMW 4-series 2.0 Sedan
,
,
BMW X3 2.0
,
,
KIA Sportage 1.6
,
,
Nissan Navara 2.7 Pickup (4x2)
","49,812km,12,000km,62,000km,97,000km,33,000km,11,000km,23,000km,2,300km,63,000km,96,000km,150,000km,180,000km"," - Goods Vehicle, - CLA35 4Matic, - D 150 R-DYNAMIC, - sDrive18iA MSport X, - 420iA Luxury GCoupe, - 20i MSport XDrive, - GT Line"," 435,000 , 750,000 , 435,000 , 565,000 , 1,275,000 , 4,400,000 , 2,500,000 , 2,790,000 , 1,750,000 , 990,000 , 895,000 , 310,000 ","Pre-Owned Individual,Pre-Owned Individual,Pre-Owned Individual,Pre-Owned Individual,Local Pre-Owned dealer,Local Pre-Owned dealer,Local Pre-Owned dealer,Local Pre-Owned dealer,Local Pre-Owned dealer,Local Pre-Owned dealer,Local Pre-Owned dealer,Pre-Owned Individual","
Nissan Note 1.2 Hatchback
,
KIA Rio 1.2 Hatchback
,
Toyota Aqua 1.5 Hatchback
,
Nissan NV200 1.5
,
,
Mitsubishi Motors Eclipse Cross 1.5
,
Mercedes-Benz CLA-class 2.0 Coupe
,
,
Jaguar E-Pace 2.0
,
,
BMW X2 1.5
,
,
BMW 4-series 2.0 Sedan
,
,
BMW X3 2.0
,
,
KIA Sportage 1.6
,
,
Nissan Navara 2.7 Pickup (4x2)
","Automatic,Manual,Automatic,Manual,CVT,Automatic,Automatic,Automatic,Automatic,Automatic,Automatic,Manual","Oct 2015,Feb 2021,Mar 2014,Mar 2017,Apr 2019,May 2021,Jun 2019,Jan 2022,Apr 2017,Jun 2014,Feb 2017,Feb 2010"
"https://www.mycar.mu/public/thumb2.php?src=/listings/mycar_vehicle_listing_5830320074323_7790320075338.jpg&w=242&h=200&q=100&zc=2,https://www.mycar.mu/public/thumb2.php?src=/listings/mycar_vehicle_listing_3450411041950_8550411042203.jpg&w=242&h=200&q=100&zc=2,https://www.mycar.mu/public/thumb2.php?src=/listings/mycar_vehicle_listing_3830411041223_3530411041359.jpg&w=242&h=200&q=100&zc=2,https://www.mycar.mu/public/thumb2.php?src=/listings/mycar_vehicle_listing_1370411040855_9170411041056.jpg&w=242&h=200&q=100&zc=2,https://www.mycar.mu/public/thumb2.php?src=/listings/mycar_vehicle_listing_9120411085921_6990411085958.jpeg&w=242&h=200&q=100&zc=2,https://www.mycar.mu/public/thumb2.php?src=/listings/mycar_vehicle_listing_6040411030803_6960411030946.jpg&w=242&h=200&q=100&zc=2,https://www.mycar.mu/public/thumb2.php?src=/listings/mycar_vehicle_listing_45662_4000411022905.jpg&w=242&h=200&q=100&zc=2,https://www.mycar.mu/public/thumb2.php?src=/listings/mycar_vehicle_listing_10408101316_5520408101617.jpg&w=242&h=200&q=100&zc=2,https://www.mycar.mu/public/thumb2.php?src=/listings/mycar_vehicle_listing_6260317092419_7040317092627.jpg&w=242&h=200&q=100&zc=2,https://www.mycar.mu/public/thumb2.php?src=/listings/mycar_vehicle_listing_80221122625_3390221123039.jpg&w=242&h=200&q=100&zc=2,https://www.mycar.mu/public/thumb2.php?src=/listings/mycar_vehicle_listing_8300411110914_3410411111604.jpeg&w=242&h=200&q=100&zc=2,https://www.mycar.mu/public/thumb2.php?src=/listings/mycar_vehicle_listing_46078_4070411110841.jpeg&w=242&h=200&q=100&zc=2","
Honda Civic 1.3 Sedan
,
Audi Q2 1.0
,
Suzuki Ignis 1.2
,
KIA Cerato 1.6 Sedan
,
Mercedes-Benz B-class 1.6
,
,
BMW 2-series 2.0 Coupe
,
,
Audi Q3 1.4
,
Toyota Corolla Fielder 1.5 Break
,
Volvo S90 2.0
,
Jaguar XJ 2.0
,
BMW 3-series 1.6 Sedan
 ,
,
Audi Q3 2.0
,
","279,000km,81,000km,117,000km,52,000km,53,000km,143,329km,24,075km,244,000km,9,984km,52,000km,78,000km,95,000km"," - Executive , - 220i Coup√©, - MSPORT, - TFSI QUATTRO S-TRONIC "," 230,000 , 1,025,000 , 565,000 , 488,000 , 900,000 , 1,100,000 , 2,350,000 , 375,000 , 2,809,900 , 2,939,900, 2,436,500 , 2,607,050, 950,000 , 725,000 ","Pre-Owned Individual,Local Pre-Owned dealer,Local Pre-Owned dealer,Local Pre-Owned dealer,Pre-Owned Individual,Local Pre-Owned dealer,Local Pre-Owned dealer,Pre-Owned Individual,Local Pre-Owned dealer,Local Pre-Owned dealer,Local Pre-Owned dealer,Local Pre-Owned dealer","
Honda Civic 1.3 Sedan
,
Audi Q2 1.0
,
Suzuki Ignis 1.2
,
KIA Cerato 1.6 Sedan
,
Mercedes-Benz B-class 1.6
,
,
BMW 2-series 2.0 Coupe
,
,
Audi Q3 1.4
,
Toyota Corolla Fielder 1.5 Break
,
Volvo S90 2.0
,
Jaguar XJ 2.0
,
BMW 3-series 1.6 Sedan
 ,
,
Audi Q3 2.0
,
","Automatic,Automatic,Automatic,Automatic,Automatic,Automatic,Automatic,Automatic,Automatic,Automatic,Automatic,Automatic","Mar 2007,Jun 2018,Aug 2019,Jun 2015,Aug 2013,Jul 2014,Oct 2019,Nov 2011,Mar 2020,Jan 2018,May 2014,May 2013"
"https://www.mycar.mu/public/thumb2.php?src=/listings/mycar_vehicle_listing_3350406031516_9460406032245.jpeg&w=242&h=200&q=100&zc=2,https://www.mycar.mu/public/thumb2.php?src=/listings/mycar_vehicle_listing_9290410035852_6790410040425.jpg&w=242&h=200&q=100&zc=2,https://www.mycar.mu/public/thumb2.php?src=/listings/mycar_vehicle_listing_5090408014139_8170408014446.jpg&w=242&h=200&q=100&zc=2,https://www.mycar.mu/public/thumb2.php?src=/listings/mycar_vehicle_listing_6630311091540_8740311091937.png&w=242&h=200&q=100&zc=2,https://www.mycar.mu/public/thumb2.php?src=/listings/mycar_vehicle_listing_4640328014116_4520328014812.jpg&w=242&h=200&q=100&zc=2,https://www.mycar.mu/public/thumb2.php?src=/listings/mycar_vehicle_listing_5180408053333_4690408053952.jpg&w=242&h=200&q=100&zc=2,https://www.mycar.mu/public/thumb2.php?src=/listings/mycar_vehicle_listing_7130409055502_6090409060543.jpg&w=242&h=200&q=100&zc=2,https://www.mycar.mu/public/thumb2.php?src=/listings/mycar_vehicle_listing_6770410053524_6650410054724.jpeg&w=242&h=200&q=100&zc=2,https://www.mycar.mu/public/thumb2.php?src=/listings/mycar_vehicle_listing_3590410082017_4290410082951.jpg&w=242&h=200&q=100&zc=2,https://www.mycar.mu/public/thumb2.php?src=/listings/mycar_vehicle_listing_9800401103756_5350401104251.jpeg&w=242&h=200&q=100&zc=2,https://www.mycar.mu/public/thumb2.php?src=/listings/mycar_vehicle_listing_45693_8790405042430.jpeg&w=242&h=200&q=100&zc=2,https://www.mycar.mu/public/thumb2.php?src=/listings/mycar_vehicle_listing_8391222104031_9951222105013.jpg&w=242&h=200&q=100&zc=2","
Peugeot 308 1.6 Hatchback
,
,
Nissan Qashqai +2 1.6
,
Mercedes-Benz C-class 1.6 Sedan
,
,
MINI One 1.2
,
Mercedes-Benz E-class 1.8 Sedan
,
,
KIA Rio 1.3 Hatchback
,
Nissan X-Trail 1.6
,
,
Mercedes-Benz CLA-class 1.6 Coupe
,
,
Nissan Bluebird Sylphy 1.5 Sedan
,
Mitsubishi Motors Lancer 1.6 Sedan
,
Nissan Qashqai 1.5
,
,
Nissan Qashqai 1.2
","75,000km,48,000km,177,000km,81,000km,145,000km,150,000km,102,000km,123,000km,214,000km,136,000km,165,000km,109,000km"," - GT 1.6 THP, - Kompressor Avantgarde, - E 250, - Full option, - Urban line, - J11"," 850,000 , 470,000 , 390,000 , 870,000 , 470,000 , 335,000 , 750,000 , 885,000 , 225,000 , 275,000 , 600,000 , 690,000 ","Pre-Owned Individual,Pre-Owned Individual,Local Pre-Owned dealer,Pre-Owned Individual,Pre-Owned Individual,Pre-Owned Individual,Pre-Owned Individual,Pre-Owned Individual,Pre-Owned Individual,Pre-Owned Individual,Pre-Owned Individual,Pre-Owned Individual","
Peugeot 308 1.6 Hatchback
,
,
Nissan Qashqai +2 1.6
,
Mercedes-Benz C-class 1.6 Sedan
,
,
MINI One 1.2
,
Mercedes-Benz E-class 1.8 Sedan
,
,
KIA Rio 1.3 Hatchback
,
Nissan X-Trail 1.6
,
,
Mercedes-Benz CLA-class 1.6 Coupe
,
,
Nissan Bluebird Sylphy 1.5 Sedan
,
Mitsubishi Motors Lancer 1.6 Sedan
,
Nissan Qashqai 1.5
,
,
Nissan Qashqai 1.2
","Manual,Manual,Manual,Automatic,Automatic,Manual,Manual,Automatic,Automatic,Manual,Manual,Manual","Apr 2017,Sep 2014,Dec 2009,Nov 2015,Dec 2009,Feb 2014,Sep 2015,May 2014,Feb 2007,Jan 2008,Dec 2014,Jul 2017"
"https://www.mycar.mu/public/thumb2.php?src=/listings/mycar_vehicle_listing_1370213035855_9740213040603.jpeg&w=242&h=200&q=100&zc=2,https://www.mycar.mu/public/thumb2.php?src=/listings/mycar_vehicle_listing_42645_2600213043736.jpeg&w=242&h=200&q=100&zc=2,https://www.mycar.mu/public/thumb2.php?src=/listings/mycar_vehicle_listing_650906083731_6560906084801.jpeg&w=242&h=200&q=100&zc=2,https://www.mycar.mu/public/thumb2.php?src=/listings/mycar_vehicle_listing_46056_5030408021034.jpg&w=242&h=200&q=100&zc=2,https://www.mycar.mu/public/thumb2.php?src=/listings/mycar_vehicle_listing_4420408040050_500408041145.jpg&w=242&h=200&q=100&zc=2,https://www.mycar.mu/public/thumb2.php?src=/listings/mycar_vehicle_listing_46061_8870408040824.jpg&w=242&h=200&q=100&zc=2,https://www.mycar.mu/public/thumb2.php?src=/listings/mycar_vehicle_listing_38258_6441030015152.jpg&w=242&h=200&q=100&zc=2,https://www.mycar.mu/public/thumb2.php?src=/listings/mycar_vehicle_listing_38257_8781030015231.jpg&w=242&h=200&q=100&zc=2,https://www.mycar.mu/public/thumb2.php?src=/listings/mycar_vehicle_listing_38263_1411030101202.jpg&w=242&h=200&q=100&zc=2,https://www.mycar.mu/public/thumb2.php?src=/listings/mycar_vehicle_listing_5201118044410_7631118045344.jpg&w=242&h=200&q=100&zc=2,https://www.mycar.mu/public/thumb2.php?src=/listings/mycar_vehicle_listing_38267_1591030094918.jpg&w=242&h=200&q=100&zc=2,https://www.mycar.mu/public/thumb2.php?src=/listings/mycar_vehicle_listing_2091119010427_8281119010702.jpg&w=242&h=200&q=100&zc=2","
Honda Vezel 1.5
,
,
BMW 3-series 1.5 Sedan
,
,
Land Rover Defender 2.5
,
,
Renault Kwid 1.0
,
Mitsubishi Motors Eclipse Cross 1.5
,
KIA Cerato 1.6 Sedan
,
,
Suzuki Swift 1.2 Hatchback
,
,
Suzuki Swift 1.2 Hatchback
,
,
Suzuki Ciaz 1.5 Sedan
,
,
Suzuki Ertiga 1.5
,
,
Suzuki S-Presso 1.0
,
,
Suzuki Swift 1.2 Hatchback
,
","80,000km,28,000km,175,000km,7,296km,10,000km,128,923km"," - Z executive, - Personalised, - 130 TDI, - YD SX, - GLX AMT SLDA, - GL MT FOG, - GLX AT NATSA, - GL AT BT, - AMT GL AM/FM BT, - GLX MT SLDA"," 765,000 , 1,550,000 , 1,500,000 , 480,000 , 1,303,950 , 525,000 , 755,000 , 630,000 , 925,000 , 905,000 , 520,000 , 705,000 ","Pre-Owned Individual,Pre-Owned Individual,Pre-Owned Individual,Pre-Owned Individual,Local Pre-Owned dealer,Local Pre-Owned dealer,New,New,New,New,New,New","
Honda Vezel 1.5
,
,
BMW 3-series 1.5 Sedan
,
,
Land Rover Defender 2.5
,
,
Renault Kwid 1.0
,
Mitsubishi Motors Eclipse Cross 1.5
,
KIA Cerato 1.6 Sedan
,
,
Suzuki Swift 1.2 Hatchback
,
,
Suzuki Swift 1.2 Hatchback
,
,
Suzuki Ciaz 1.5 Sedan
,
,
Suzuki Ertiga 1.5
,
,
Suzuki S-Presso 1.0
,
,
Suzuki Swift 1.2 Hatchback
,
","Automatic,Automatic,Manual,Automatic,CVT,Automatic,Automatic,Manual,Automatic,Automatic,Automatic,Manual","Jul 2014,Jun 2018,Jan 2000,Dec 2021,Sep 2021,May 2014,Petrol,Petrol,Petrol,Petrol,Petrol,Petrol"
"https://www.mycar.mu/public/thumb2.php?src=/listings/mycar_vehicle_listing_38264_1861030095235.jpg&w=242&h=200&q=100&zc=2,https://www.mycar.mu/public/thumb2.php?src=/listings/mycar_vehicle_listing_44931_6590121121808.jpg&w=242&h=200&q=100&zc=2,https://www.mycar.mu/public/thumb2.php?src=/listings/mycar_vehicle_listing_9800121122626_4620121123115.jpg&w=242&h=200&q=100&zc=2,https://www.mycar.mu/public/thumb2.php?src=/listings/mycar_vehicle_listing_8971119124753_1991119125927.jpg&w=242&h=200&q=100&zc=2,https://www.mycar.mu/public/thumb2.php?src=/listings/mycar_vehicle_listing_38260_2241030014855.jpg&w=242&h=200&q=100&zc=2,https://www.mycar.mu/public/thumb2.php?src=/listings/mycar_vehicle_listing_4670507011239_4130507011421.jpg&w=242&h=200&q=100&zc=2,https://www.mycar.mu/public/thumb2.php?src=/listings/mycar_vehicle_listing_7341119091859_2151119092313.jpg&w=242&h=200&q=100&zc=2,https://www.mycar.mu/public/thumb2.php?src=/listings/mycar_vehicle_listing_3760325121954_4690325122802.jpeg&w=242&h=200&q=100&zc=2,https://www.mycar.mu/public/thumb2.php?src=/listings/mycar_vehicle_listing_8960408111720_6340408112215.jpg&w=242&h=200&q=100&zc=2,https://www.mycar.mu/public/thumb2.php?src=/listings/mycar_vehicle_listing_38251_1261030121532.jpg&w=242&h=200&q=100&zc=2,https://www.mycar.mu/public/thumb2.php?src=/listings/mycar_vehicle_listing_6830408113524_4940408113839.jpg&w=242&h=200&q=100&zc=2,https://www.mycar.mu/public/thumb2.php?src=/listings/mycar_vehicle_listing_9970408113044_1400408113356.jpg&w=242&h=200&q=100&zc=2","
Suzuki Baleno 1.4 Hatchback
,
,
Suzuki Swift 1.2 Hatchback
,
,
Suzuki Celerio 1.0
,
,
Suzuki Swift Dzire 1.2 sedan
,
,
Suzuki Swift Dzire 1.2 sedan
,
,
Suzuki Brezza 1.5
,
,
Suzuki Jimny 1.5
,
,
Toyota Prado 2.8
,
Nissan Hardbody 3.2 Pickup (4x2)
,
Suzuki Jimny 1.5
,
,
Toyota Hilux 3.0 Pickup (4x4)
,
Mazda BT-50 3.2 Pickup (4x4)
","75,000km,172,000km,248,000km,206,000km"," - MC K14B GLX MT SLDA BT, - GL AMT FOG, - AMT GL, - GL MT FOG ALLOY, - GL AMT FOG ALLOY, - GL 5D AT, - GLX 5MT 1.5L 4WD SLDA, - GLX 4AT 1.5L 4WD SLDA"," 745,000 , 695,000 , 595,000 , 660,000 , 715,000 , 885,000 , 1,095,000 , 2,200,000 , 250,000 , 1,195,000 , 750,000 , 550,000 ","New,New,New,New,New,New,New,Pre-Owned Individual,Pre-Owned Individual,New,Pre-Owned Individual,Pre-Owned Individual","
Suzuki Baleno 1.4 Hatchback
,
,
Suzuki Swift 1.2 Hatchback
,
,
Suzuki Celerio 1.0
,
,
Suzuki Swift Dzire 1.2 sedan
,
,
Suzuki Swift Dzire 1.2 sedan
,
,
Suzuki Brezza 1.5
,
,
Suzuki Jimny 1.5
,
,
Toyota Prado 2.8
,
Nissan Hardbody 3.2 Pickup (4x2)
,
Suzuki Jimny 1.5
,
,
Toyota Hilux 3.0 Pickup (4x4)
,
Mazda BT-50 3.2 Pickup (4x4)
","Manual,Manual,Automatic,Manual,Automatic,Automatic,Manual,Automatic,Manual,Automatic,Manual,Automatic","Petrol,Petrol,Petrol,Petrol,Petrol,Petrol,Petrol,Jul 2016,Mar 2012,Petrol,Mar 2014,Mar 2014"
"https://www.mycar.mu/public/thumb2.php?src=/listings/mycar_vehicle_listing_5680314044933_2570314045221.jpg&w=242&h=200&q=100&zc=2,https://www.mycar.mu/public/thumb2.php?src=/listings/mycar_vehicle_listing_620309020917_3670309021055.jpg&w=242&h=200&q=100&zc=2,https://www.mycar.mu/public/thumb2.php?src=/listings/mycar_vehicle_listing_1570507011440_1710507011637.jpg&w=242&h=200&q=100&zc=2,https://www.mycar.mu/public/thumb2.php?src=/listings/mycar_vehicle_listing_38266_3381030095025.jpg&w=242&h=200&q=100&zc=2,https://www.mycar.mu/public/thumb2.php?src=/listings/mycar_vehicle_listing_7350507010954_4080507011200.jpg&w=242&h=200&q=100&zc=2,https://www.mycar.mu/public/thumb2.php?src=/listings/mycar_vehicle_listing_46042_2220408023626.jpg&w=242&h=200&q=100&zc=2,https://www.mycar.mu/public/thumb2.php?src=/listings/mycar_vehicle_listing_3000408104000_6510408110354.jpeg&w=242&h=200&q=100&zc=2,https://www.mycar.mu/public/thumb2.php?src=/listings/mycar_vehicle_listing_5830408090230_9830408090837.jpg&w=242&h=200&q=100&zc=2,https://www.mycar.mu/public/thumb2.php?src=/listings/mycar_vehicle_listing_46057_6270408020432.jpg&w=242&h=200&q=100&zc=2,https://www.mycar.mu/public/thumb2.php?src=/listings/mycar_vehicle_listing_7930407015423_2230407015629.jpg&w=242&h=200&q=100&zc=2,https://www.mycar.mu/public/thumb2.php?src=/listings/mycar_vehicle_listing_210408093651_7490408094526.jpg&w=242&h=200&q=100&zc=2,https://www.mycar.mu/public/thumb2.php?src=/listings/mycar_vehicle_listing_1380407060316_2180407061229.jpg&w=242&h=200&q=100&zc=2","
Toyota Belta 1.3 Sedan
,
Peugeot 2008 1.2
,
Suzuki Brezza 1.5
,

,
Suzuki S-Presso 1.0
,
,
Suzuki Brezza 1.5
,
,
Mercedes-Benz C-class 1.6 Sedan
,
,
Toyota Aqua 1.5 Hatchback
,
Ford Mondeo 2.0 Hatchback
,
,
Hyundai Veloster 1.6
,
BMW 3-series 2.0 Sedan
,
Mitsubishi Motors Outlander 2.4
,
BMW X5 2.0
,
","101,000km,61,000km,110,000km,110,000km,185,000km,22,993km,163,000km,147,000km,91,435km"," - GLX 5D AT, - MT GL AM/FM BT, - GLX 5D MT, - W205, - 2011, - XDrive 25d"," 275,000 , 625,000 , 950,000 , 480,000 , 875,000 , 945,000 , 560,000 , 265,000 , 650,000 , 395,000 , 650,000 , 1,890,000 ","Local Pre-Owned dealer,Local Pre-Owned dealer,New,New,New,Pre-Owned Individual,Pre-Owned Individual,Pre-Owned Individual,Local Pre-Owned dealer,Pre-Owned Individual,Local Pre-Owned dealer,Local Pre-Owned dealer","
Toyota Belta 1.3 Sedan
,
Peugeot 2008 1.2
,
Suzuki Brezza 1.5
,

,
Suzuki S-Presso 1.0
,
,
Suzuki Brezza 1.5
,
,
Mercedes-Benz C-class 1.6 Sedan
,
,
Toyota Aqua 1.5 Hatchback
,
Ford Mondeo 2.0 Hatchback
,
,
Hyundai Veloster 1.6
,
BMW 3-series 2.0 Sedan
,
Mitsubishi Motors Outlander 2.4
,
BMW X5 2.0
,
","Automatic,Automatic,Automatic,Manual,Manual,Manual,Automatic,Automatic,Automatic,Automatic,Automatic,Automatic","Jun 2006,Oct 2017,Petrol,Petrol,Petrol,Nov 2014,Mar 2016,Apr 2011,Feb 2015,Jun 2008,Jun 2014,Nov 2015"
"https://www.mycar.mu/public/thumb2.php?src=/listings/mycar_vehicle_listing_3930407082943_2790407083051.jpg&w=242&h=200&q=100&zc=2,https://www.mycar.mu/public/thumb2.php?src=/listings/mycar_vehicle_listing_23713_740407055551.jpeg&w=242&h=200&q=100&zc=2,https://www.mycar.mu/public/thumb2.php?src=/listings/mycar_vehicle_listing_3250329090357_1870329091323.png&w=242&h=200&q=100&zc=2,https://www.mycar.mu/public/thumb2.php?src=/listings/mycar_vehicle_listing_6200407042549_2130407043159.jpg&w=242&h=200&q=100&zc=2,https://www.mycar.mu/public/thumb2.php?src=/listings/mycar_vehicle_listing_1680407100230_2350407100926.jpeg&w=242&h=200&q=100&zc=2,https://www.mycar.mu/public/thumb2.php?src=/listings/mycar_vehicle_listing_4050401024547_9920401025257.jpg&w=242&h=200&q=100&zc=2,https://www.mycar.mu/public/thumb2.php?src=/listings/mycar_vehicle_listing_3341123094225_6751123094426.jpg&w=242&h=200&q=100&zc=2,https://www.mycar.mu/public/thumb2.php?src=/listings/mycar_vehicle_listing_450125020909_270125021224.jpg&w=242&h=200&q=100&zc=2,https://www.mycar.mu/public/thumb2.php?src=/listings/mycar_vehicle_listing_1560324011311_880324012357.jpeg&w=242&h=200&q=100&zc=2,https://www.mycar.mu/public/thumb2.php?src=/listings/mycar_vehicle_listing_42032_8420401102521.jpg&w=242&h=200&q=100&zc=2,https://www.mycar.mu/public/thumb2.php?src=/listings/mycar_vehicle_listing_24411_1050213032202.jpg&w=242&h=200&q=100&zc=2,https://www.mycar.mu/public/thumb2.php?src=/listings/mycar_vehicle_listing_1390916090332_7470916090617.jpg&w=242&h=200&q=100&zc=2","
Mazda CX-5 2.0
,
,
Ford Fiesta 1.4
,
Toyota Hilux 2.4 Pickup (4x2)
,
Peugeot 2008 1.2
,
Honda Fit 1.5
,
,
Ford Fiesta 1.4
,
Toyota Aqua 1.5 Hatchback
,
,
Porsche Cayenne 3.0
,
,
BMW 1-series 1.6 Hatchback
,
 Mazda BT-50 2.2 Pickup (4x4)
,
,
BMW X6 3.0
,
,
Mercedes-Benz E-class 3.0 Sedan
","90,462km,138,000km,90,000km,74,000km,99,000km,35,600km,36,200km,73,000km,58,000km,236,000km"," - Skyactive Technology, - F sensing, - L Package , - Cayenne Hybrid, - GT3, - 35i"," 825,000 , 290,000 , 1,560,000 , 590,000 , 760,000 , 329,000 , 695,000 , 5,200,000 , 630,000 , 1,395,000 , 1,450,000 , 295,000 ","Local Pre-Owned dealer,Pre-Owned Individual,New,Local Pre-Owned dealer,Pre-Owned Individual,Pre-Owned Individual,Imported / Recon dealer,Local Pre-Owned dealer,Pre-Owned Individual,New,Pre-Owned Individual,Pre-Owned Individual","
Mazda CX-5 2.0
,
,
Ford Fiesta 1.4
,
Toyota Hilux 2.4 Pickup (4x2)
,
Peugeot 2008 1.2
,
Honda Fit 1.5
,
,
Ford Fiesta 1.4
,
Toyota Aqua 1.5 Hatchback
,
,
Porsche Cayenne 3.0
,
,
BMW 1-series 1.6 Hatchback
,
 Mazda BT-50 2.2 Pickup (4x4)
,
,
BMW X6 3.0
,
,
Mercedes-Benz E-class 3.0 Sedan
","Automatic,Manual,Automatic,Manual,Automatic,Manual,Automatic,Automatic,Manual,Manual,Automatic,Automatic","Feb 2016,Sep 2015,Diesel,Jan 2018,Jul 2018,Nov 2014,Mar 2018,Jul 2019,Apr 2015,Diesel,Jan 2011,Apr 2006"
"https://www.mycar.mu/public/thumb2.php?src=/listings/mycar_vehicle_listing_5600407101659_7320407101943.jpg&w=242&h=200&q=100&zc=2,https://www.mycar.mu/public/thumb2.php?src=/listings/mycar_vehicle_listing_1430407121218_8920407121501.jpg&w=242&h=200&q=100&zc=2,https://www.mycar.mu/public/thumb2.php?src=/listings/mycar_vehicle_listing_150406030831_8630406032354.jpg&w=242&h=200&q=100&zc=2,https://www.mycar.mu/public/thumb2.php?src=/listings/mycar_vehicle_listing_9450406030931_3820406031139.jpg&w=242&h=200&q=100&zc=2,https://www.mycar.mu/public/thumb2.php?src=/listings/mycar_vehicle_listing_46011_9410406010931.jpg&w=242&h=200&q=100&zc=2,https://www.mycar.mu/public/thumb2.php?src=/listings/mycar_vehicle_listing_9210406101350_8350406101819.jpg&w=242&h=200&q=100&zc=2,https://www.mycar.mu/public/thumb2.php?src=/listings/mycar_vehicle_listing_7100302450_file_59d36ff8d67b8&w=242&h=200&q=100&zc=2,https://www.mycar.mu/public/thumb2.php?src=/listings/mycar_vehicle_listing_46003_7770406122137.jpg&w=242&h=200&q=100&zc=2,https://www.mycar.mu/public/thumb2.php?src=/listings/mycar_vehicle_listing_6890406120346_4610406120553.jpg&w=242&h=200&q=100&zc=2,https://www.mycar.mu/public/thumb2.php?src=/listings/mycar_vehicle_listing_1220405080334_6330405082008.jpg&w=242&h=200&q=100&zc=2,https://www.mycar.mu/public/thumb2.php?src=/listings/mycar_vehicle_listing_7380503113040_9990503113327.jpg&w=242&h=200&q=100&zc=2,https://www.mycar.mu/public/thumb2.php?src=/listings/mycar_vehicle_listing_41725_8340615120754.jpeg&w=242&h=200&q=100&zc=2","
Land Rover Range Rover Sport 2.0
,
,
KIA Rio 1.2 Hatchback
,
Ford Kuga 1.6
,
,
Nissan NV200 1.5
,
Toyota Vitz 0.9 Hatchback
,
Ford Focus 1.0 Hatchback
,
,
Renault Kangoo 1.6
,
,
Honda Ballade 1.5
,
Peugeot 2008 1.2
,
Toyota Auris 1.5 Hatchback
,
,
Nissan Qashqai +2 1.6
,
,
KIA Niro Electric (150kW)
,
","7,624km,7,725km,132,000km,98,400km,259,123km,78,365km,41,000km,88,267km,69,188km,140,500km"," - P400e HSE, - Ecoboost, - 2013, - KANGOO VU 1.6 , - NZE181, - Two-wheel drive, - KIA Niro EX PACK+ Electric"," 5,500,000 , 700,000 , 475,000 , 525,000 , 275,000 , 260,000 , 780,000 , 575,000 , 550,000 , 515,000 , 365,000 , 2,275,000 ","Local Pre-Owned dealer,Local Pre-Owned dealer,Local Pre-Owned dealer,Local Pre-Owned dealer,Pre-Owned Individual,Pre-Owned Individual,New,Pre-Owned Individual,Local Pre-Owned dealer,Pre-Owned Individual,Pre-Owned Individual,New","
Land Rover Range Rover Sport 2.0
,
,
KIA Rio 1.2 Hatchback
,
Ford Kuga 1.6
,
,
Nissan NV200 1.5
,
Toyota Vitz 0.9 Hatchback
,
Ford Focus 1.0 Hatchback
,
,
Renault Kangoo 1.6
,
,
Honda Ballade 1.5
,
Peugeot 2008 1.2
,
Toyota Auris 1.5 Hatchback
,
,
Nissan Qashqai +2 1.6
,
,
KIA Niro Electric (150kW)
,
","Automatic,Manual,Automatic,Manual,Automatic,Manual,Manual,Automatic,Automatic,Automatic,Manual,Automatic","Jan 2021,Jun 2021,Aug 2013,Feb 2018,Aug 2007,Mar 2013,Petrol,Jun 2015,Jan 2017,Oct 2013,Apr 2012,Electric"
"https://www.mycar.mu/public/thumb2.php?src=/listings/mycar_vehicle_listing_28128_2890828113141.jpg&w=242&h=200&q=100&zc=2,https://www.mycar.mu/public/thumb2.php?src=/listings/mycar_vehicle_listing_2650203024811_7890203025734.jpeg&w=242&h=200&q=100&zc=2,https://www.mycar.mu/public/thumb2.php?src=/listings/mycar_vehicle_listing_8462_7320614033822.jpg&w=242&h=200&q=100&zc=2,https://www.mycar.mu/public/thumb2.php?src=/listings/mycar_vehicle_listing_520216043617_5010216044234.jpg&w=242&h=200&q=100&zc=2,https://www.mycar.mu/public/thumb2.php?src=/listings/mycar_vehicle_listing_1061014115726_8321014120030.jpg&w=242&h=200&q=100&zc=2,https://www.mycar.mu/public/thumb2.php?src=/listings/mycar_vehicle_listing_9870406094332_4420406094607.jpg&w=242&h=200&q=100&zc=2,https://www.mycar.mu/public/thumb2.php?src=/listings/mycar_vehicle_listing_4991203030944_1061203031151.jpg&w=242&h=200&q=100&zc=2,https://www.mycar.mu/public/thumb2.php?src=/listings/mycar_vehicle_listing_1290_mini-hatchback.jpg&w=242&h=200&q=100&zc=2,https://www.mycar.mu/public/thumb2.php?src=/listings/mycar_vehicle_listing_28605_6850917032244.jpg&w=242&h=200&q=100&zc=2,https://www.mycar.mu/public/thumb2.php?src=/listings/mycar_vehicle_listing_6130116122546_9620116123347.jpg&w=242&h=200&q=100&zc=2,https://www.mycar.mu/public/thumb2.php?src=/listings/mycar_vehicle_listing_1310_file_5aa8db4191b83&w=242&h=200&q=100&zc=2,https://www.mycar.mu/public/thumb2.php?src=/listings/mycar_vehicle_listing_19627_6910121034303.jpg&w=242&h=200&q=100&zc=2","
KIA Niro 1.6
,
,
KIA Sorento 1.6
,
,
KIA Carnival 2.2
,
 ,
KIA Sonet 1.5
,

,
KIA Seltos 1.6
,
,
Renault Duster 1.6
,
MINI Cooper Electric (135kW)
,
,
MINI One 1.5
,
,
MINI Countryman 1.5
,
,
MINI Countryman 1.5
,
,
MINI One 1.5
,
,
MINI Cabrio 1.5
,
","117,000km"," - NIRO HEV LX 1.6 GDI 6DCT FL, - EX Pack 2 WD 1.6 Turbo Hybrid, - NEW Carnival EX PACK 11 Seater 2.2 Diesel 8AT, - LX M/T, - LX 1.6P 6MT , - MINI Cooper SE Trim S - 3 door (Electric Car), - MINI One - 3 door - Essential Trim, - MINI One Countryman, - MINI Cooper SE ALL4 Plug in Hybrid, - MINI One - 5 door - Essential Trim, - One"," 1,625,000 , 2,399,000 , 2,075,000 , 979,000 , 1,175,000 , 265,000 , 2,215,000 , 1,860,000 , 2,140,000 , 2,765,000 , 1,995,000 , 2,490,000 ","New,New,New,New,New,Pre-Owned Corporate,New,New,New,New,New,New","
KIA Niro 1.6
,
,
KIA Sorento 1.6
,
,
KIA Carnival 2.2
,
 ,
KIA Sonet 1.5
,

,
KIA Seltos 1.6
,
,
Renault Duster 1.6
,
MINI Cooper Electric (135kW)
,
,
MINI One 1.5
,
,
MINI Countryman 1.5
,
,
MINI Countryman 1.5
,
,
MINI One 1.5
,
,
MINI Cabrio 1.5
,
","Automatic,Automatic,Automatic,Manual,Manual,Manual,Automatic,Automatic,Automatic,Automatic,Automatic,Manual","Hybrid/Petrol,Petrol,Diesel,Petrol,Petrol,Nov 2014,Electric,Petrol,Petrol,Hybrid/Petrol,Petrol,Petrol"
"https://www.mycar.mu/public/thumb2.php?src=/listings/mycar_vehicle_listing_9210405015035_3510405015304.jpeg&w=242&h=200&q=100&zc=2,https://www.mycar.mu/public/thumb2.php?src=/listings/mycar_vehicle_listing_2321111035315_7721111040401.jpeg&w=242&h=200&q=100&zc=2,https://www.mycar.mu/public/thumb2.php?src=/listings/mycar_vehicle_listing_5420405042255_2770405043342.jpg&w=242&h=200&q=100&zc=2,https://www.mycar.mu/public/thumb2.php?src=/listings/mycar_vehicle_listing_1080405041612_790405041916.jpg&w=242&h=200&q=100&zc=2,https://www.mycar.mu/public/thumb2.php?src=/listings/mycar_vehicle_listing_7780205051908_5590205052214.jpg&w=242&h=200&q=100&zc=2,https://www.mycar.mu/public/thumb2.php?src=/listings/mycar_vehicle_listing_39357_6060405014016.jpg&w=242&h=200&q=100&zc=2,https://www.mycar.mu/public/thumb2.php?src=/listings/mycar_vehicle_listing_28801_861115031331.jpg&w=242&h=200&q=100&zc=2,https://www.mycar.mu/public/thumb2.php?src=/listings/mycar_vehicle_listing_9470529020922_6270529021133.jpg&w=242&h=200&q=100&zc=2,https://www.mycar.mu/public/thumb2.php?src=/listings/mycar_vehicle_listing_1550529021413_1040529021705.jpg&w=242&h=200&q=100&zc=2,https://www.mycar.mu/public/thumb2.php?src=/listings/mycar_vehicle_listing_2600405111907_6580405112354.jpg&w=242&h=200&q=100&zc=2,https://www.mycar.mu/public/thumb2.php?src=/listings/mycar_vehicle_listing_9520405110054_9200405110354.jpg&w=242&h=200&q=100&zc=2,https://www.mycar.mu/public/thumb2.php?src=/listings/mycar_vehicle_listing_4760405105411_5680405105613.jpg&w=242&h=200&q=100&zc=2","
BMW 3-series 1.6 Sedan
,
Nissan Hardbody 2.5 Pickup (4x4)
,
Audi A4 1.4 Sedan
,
KIA Picanto 1.0
,
Audi A5 1.8 Sportback
,
Citroen C3 Aircross 1.2
,
,
Citroen C3 Aircross 1.2
,
,
Citroen C5 Aircross 1.6
,
,
Citroen C5 Aircross 1.6
,
,
Honda Vezel 1.5
,
,
Honda Shuttle 1.3
,
,
Honda Fit 1.3
,
","75,000km,134,000km,34,306km,18,065km,110,000km,51,375km,53,940km,50,868km"," - Shine Auto (Turbo), - Shine Plus 110Ch Turbo, - Shine Auto (Turbo), - Shine Plus Auto (Turbo), - SA-82431, - SA-82577, - SA-82502"," 750,000 , 515,000 , 1,650,000 , 300,000 , 1,000,000 , 1,325,000 , 1,425,000 , 1,725,000 , 1,898,000 , 1,290,000 , 840,000 , 850,000 ","Pre-Owned Individual,Pre-Owned Individual,Local Pre-Owned dealer,Local Pre-Owned dealer,Pre-Owned Individual,New,New,New,New,Imported / Recon dealer,Imported / Recon dealer,Imported / Recon dealer","
BMW 3-series 1.6 Sedan
,
Nissan Hardbody 2.5 Pickup (4x4)
,
Audi A4 1.4 Sedan
,
KIA Picanto 1.0
,
Audi A5 1.8 Sportback
,
Citroen C3 Aircross 1.2
,
,
Citroen C3 Aircross 1.2
,
,
Citroen C5 Aircross 1.6
,
,
Citroen C5 Aircross 1.6
,
,
Honda Vezel 1.5
,
,
Honda Shuttle 1.3
,
,
Honda Fit 1.3
,
","Automatic,Manual,Automatic,Automatic,Automatic,Automatic,Automatic,Automatic,Automatic,Automatic,Automatic,Automatic","Aug 2013,Nov 2015,Jul 2019,Feb 2017,Dec 2015,Petrol,Petrol,Petrol,Petrol,Oct 2018,Jan 2019,Feb 2019"
"https://www.mycar.mu/public/thumb2.php?src=/listings/mycar_vehicle_listing_5530405104254_3510405104937.jpg&w=242&h=200&q=100&zc=2,https://www.mycar.mu/public/thumb2.php?src=/listings/mycar_vehicle_listing_8670405102723_3400405102846.jpg&w=242&h=200&q=100&zc=2,https://www.mycar.mu/public/thumb2.php?src=/listings/mycar_vehicle_listing_01222111408_2361222112002.jpg&w=242&h=200&q=100&zc=2,https://www.mycar.mu/public/thumb2.php?src=/listings/mycar_vehicle_listing_8160405100855_3200405101051.jpg&w=242&h=200&q=100&zc=2,https://www.mycar.mu/public/thumb2.php?src=/listings/mycar_vehicle_listing_8080405095121_3450405095314.jpg&w=242&h=200&q=100&zc=2,https://www.mycar.mu/public/thumb2.php?src=/listings/mycar_vehicle_listing_7570405094447_7400405095040.jpg&w=242&h=200&q=100&zc=2,https://www.mycar.mu/public/thumb2.php?src=/listings/mycar_vehicle_listing_4040405092433_5660405092810.jpg&w=242&h=200&q=100&zc=2,https://www.mycar.mu/public/thumb2.php?src=/listings/mycar_vehicle_listing_7020405092210_2200405092358.jpg&w=242&h=200&q=100&zc=2,https://www.mycar.mu/public/thumb2.php?src=/listings/mycar_vehicle_listing_9620405091910_5930405092046.jpg&w=242&h=200&q=100&zc=2,https://www.mycar.mu/public/thumb2.php?src=/listings/mycar_vehicle_listing_3590405090930_2640405091259.jpg&w=242&h=200&q=100&zc=2,https://www.mycar.mu/public/thumb2.php?src=/listings/mycar_vehicle_listing_4810404055957_6520404061419.jpg&w=242&h=200&q=100&zc=2,https://www.mycar.mu/public/thumb2.php?src=/listings/mycar_vehicle_listing_980404092439_1350404092559.jpg&w=242&h=200&q=100&zc=2","
Toyota Corolla Fielder 1.5 Break
,
,
Toyota Vitz 1.5 Hatchback
,
,
Toyota Vitz 1.5 Hatchback
,
,
Toyota Vitz 1.0 Hatchback
,
,
Toyota Vitz 1.0 Hatchback
,
,
Toyota Vitz 1.0 Hatchback
,
,
Nissan March 1.2 Hatchback
,
 ,
Nissan March 1.2 Hatchback
,
,
Nissan March 1.2 Hatchback
,
,
Nissan March 1.2 Hatchback
,
,
Suzuki Swift 1.4 Hatchback
,
BMW 1-series 1.5 Hatchback
","52,273km,38,071km,61,239km,48,641km,49,947km,59,737km,53,610km,16,471km,18,263km,57,605km,130,000km,66,000km"," - SA-82552, - SA-81936, - SA-80844, - SA-81931, - SA-82257, - SA-81925, - SA-82550, - SA-82498, - SA-82497, - SA-82138"," 835,000 , 755,000 , 735,000 , 650,000 , 655,000 , 645,000 , 600,000 , 600,000 , 600,000 , 575,000 , 350,000 , 910,000 ","Imported / Recon dealer,Imported / Recon dealer,Imported / Recon dealer,Imported / Recon dealer,Imported / Recon dealer,Imported / Recon dealer,Imported / Recon dealer,Imported / Recon dealer,Imported / Recon dealer,Imported / Recon dealer,Pre-Owned Individual,Pre-Owned Individual","
Toyota Corolla Fielder 1.5 Break
,
,
Toyota Vitz 1.5 Hatchback
,
,
Toyota Vitz 1.5 Hatchback
,
,
Toyota Vitz 1.0 Hatchback
,
,
Toyota Vitz 1.0 Hatchback
,
,
Toyota Vitz 1.0 Hatchback
,
,
Nissan March 1.2 Hatchback
,
 ,
Nissan March 1.2 Hatchback
,
,
Nissan March 1.2 Hatchback
,
,
Nissan March 1.2 Hatchback
,
,
Suzuki Swift 1.4 Hatchback
,
BMW 1-series 1.5 Hatchback
","Automatic,Automatic,Automatic,Automatic,Automatic,Automatic,Automatic,Automatic,Automatic,Automatic,Manual,Automatic","Jul 2018,Dec 2018,Jul 2018,Dec 2018,Aug 2018,Dec 2018,Feb 2019,Jan 2019,Jan 2019,Dec 2018,Apr 2014,Apr 2018"
"https://www.mycar.mu/public/thumb2.php?src=/listings/mycar_vehicle_listing_3440328010544_5680328011142.jpeg&w=242&h=200&q=100&zc=2,https://www.mycar.mu/public/thumb2.php?src=/listings/mycar_vehicle_listing_7780404091931_7360404092528.jpg&w=242&h=200&q=100&zc=2,https://www.mycar.mu/public/thumb2.php?src=/listings/mycar_vehicle_listing_45363_6890222112339.jpg&w=242&h=200&q=100&zc=2,https://www.mycar.mu/public/thumb2.php?src=/listings/mycar_vehicle_listing_8110317044541_7390317044757.jpg&w=242&h=200&q=100&zc=2,https://www.mycar.mu/public/thumb2.php?src=/listings/mycar_vehicle_listing_45953_3110403122050.jpeg&w=242&h=200&q=100&zc=2,https://www.mycar.mu/public/thumb2.php?src=/listings/mycar_vehicle_listing_6010404013535_9620404014247.jpg&w=242&h=200&q=100&zc=2,https://www.mycar.mu/public/thumb2.php?src=/listings/mycar_vehicle_listing_4020404094815_5240404095239.jpeg&w=242&h=200&q=100&zc=2,https://www.mycar.mu/public/thumb2.php?src=/listings/mycar_vehicle_listing_5680403062551_3980403063314.jpeg&w=242&h=200&q=100&zc=2,https://www.mycar.mu/public/thumb2.php?src=/listings/mycar_vehicle_listing_43737_7971014092344.jpg&w=242&h=200&q=100&zc=2,https://www.mycar.mu/public/thumb2.php?src=/listings/mycar_vehicle_listing_35797_2311202044056.png&w=242&h=200&q=100&zc=2,https://www.mycar.mu/public/thumb2.php?src=/listings/mycar_vehicle_listing_8530211094907_5720212123627.jpeg&w=242&h=200&q=100&zc=2,https://www.mycar.mu/public/thumb2.php?src=/listings/mycar_vehicle_listing_8801014093615_311014093832.jpg&w=242&h=200&q=100&zc=2","
BMW 3-series 2.0 Sedan
,
Honda Jazz 1.5
,
,
Proton Savvy 1.2
,
Mitsubishi Motors Lancer 1.6 Sedan
,
,
Jaguar XF 2.0 Sedan
,
,
BMW 5-series 3.0 Sedan
,
Nissan Juke 1.5
,
BMW 1-series 1.6 Hatchback
,
Hyundai Creta 1.6
,
,
Hyundai Kona Electric (39.2kW)
,
 Toyota Corolla 1.3 Sedan
,
Hyundai Venue 1.2
,
","143,076km,26,274km,85,000km,35,000km,105,000km,133,000km,103,000km,30,000km,274,000km"," - Sport, - Ex, - Luxury, - STARTY , - STARTY "," 360,000 , 698,000 , 150,000 , 695,000 , 1,350,000 , 690,000 , 480,000 , 850,000 , 1,179,000 , 2,139,000 , 180,000 , 959,000 ","Pre-Owned Individual,Local Pre-Owned dealer,Pre-Owned Individual,Local Pre-Owned dealer,Pre-Owned Individual,Pre-Owned Individual,Pre-Owned Individual,Pre-Owned Individual,New,New,Pre-Owned Individual,New","
BMW 3-series 2.0 Sedan
,
Honda Jazz 1.5
,
,
Proton Savvy 1.2
,
Mitsubishi Motors Lancer 1.6 Sedan
,
,
Jaguar XF 2.0 Sedan
,
,
BMW 5-series 3.0 Sedan
,
Nissan Juke 1.5
,
BMW 1-series 1.6 Hatchback
,
Hyundai Creta 1.6
,
,
Hyundai Kona Electric (39.2kW)
,
 Toyota Corolla 1.3 Sedan
,
Hyundai Venue 1.2
,
","Manual,Automatic,Manual,Automatic,Automatic,Automatic,Automatic,Manual,Manual,Automatic,Automatic,Manual","Jan 2010,Jul 2018,Apr 2014,Aug 2018,Sep 2015,Nov 2010,Apr 2011,Oct 2017,Petrol,Electric,Jan 2001,Petrol"
"https://www.mycar.mu/public/thumb2.php?src=/listings/mycar_vehicle_listing_45571_8170331091218.jpg&w=242&h=200&q=100&zc=2,https://www.mycar.mu/public/thumb2.php?src=/listings/mycar_vehicle_listing_45950_3160404100142.jpg&w=242&h=200&q=100&zc=2,https://www.mycar.mu/public/thumb2.php?src=/listings/mycar_vehicle_listing_8010404093623_9030404093800.jpg&w=242&h=200&q=100&zc=2,https://www.mycar.mu/public/thumb2.php?src=/listings/mycar_vehicle_listing_45951_460404094916.jpg&w=242&h=200&q=100&zc=2,https://www.mycar.mu/public/thumb2.php?src=/listings/mycar_vehicle_listing_9710401104422_5060401105022.jpg&w=242&h=200&q=100&zc=2,https://www.mycar.mu/public/thumb2.php?src=/listings/mycar_vehicle_listing_4580328063229_7350328063500.jpg&w=242&h=200&q=100&zc=2,https://www.mycar.mu/public/thumb2.php?src=/listings/mycar_vehicle_listing_4150403082523_3580403084441.jpg&w=242&h=200&q=100&zc=2,https://www.mycar.mu/public/thumb2.php?src=/listings/mycar_vehicle_listing_190311011317_780311012346.jpg&w=242&h=200&q=100&zc=2,https://www.mycar.mu/public/thumb2.php?src=/listings/mycar_vehicle_listing_3120403041709_30403043649.jpg&w=242&h=200&q=100&zc=2,https://www.mycar.mu/public/thumb2.php?src=/listings/mycar_vehicle_listing_6220404083511_4270404084028.jpg&w=242&h=200&q=100&zc=2,https://www.mycar.mu/public/thumb2.php?src=/listings/mycar_vehicle_listing_7314_6290404084830.jpg&w=242&h=200&q=100&zc=2,https://www.mycar.mu/public/thumb2.php?src=/listings/mycar_vehicle_listing_6660401064905_3430401065529.jpeg&w=242&h=200&q=100&zc=2","
Suzuki Baleno 1.3 Hatchback
,
Mazda 3 1.5 Sedan
,
BMW 3-series 2.0 Sedan
,
,
Mercedes-Benz E-class 2.0 Sedan
,
Audi A3 1.6 Hatchback
,
,
KIA Picanto 1.1
,
,
KIA Rio 1.2 Hatchback
,
,
Mercedes-Benz CLA-class 1.6 Coupe
,
Mitsubishi Motors Lancer 1.3 Sedan
,
Toyota Corolla 1.5 Sedan
,
,
Mazda BT-50 2.2 Pickup (4x2)
,
KIA Cerato 1.6 Sedan
","53,000km,185,001km,61,500km,146,000km,87,000km,150,000km,170,000km,87,000km,189,000km,1km,71,418km"," - 330e, - Sportsback R-Line, - 2009, - RIO-EX, - NZE"," 555,000 , 450,000 , 1,695,000 , 550,000 , 480,000 , 125,000 , 325,000 , 1,350,000 , 300,000 , 175,000 , 1,565,000 , 600,000 ","Pre-Owned Individual,Pre-Owned Individual,Local Pre-Owned dealer,Pre-Owned Individual,Pre-Owned Individual,Pre-Owned Individual,Pre-Owned Individual,Local Pre-Owned dealer,Pre-Owned Individual,Pre-Owned Individual,New,Pre-Owned Individual","
Suzuki Baleno 1.3 Hatchback
,
Mazda 3 1.5 Sedan
,
BMW 3-series 2.0 Sedan
,
,
Mercedes-Benz E-class 2.0 Sedan
,
Audi A3 1.6 Hatchback
,
,
KIA Picanto 1.1
,
,
KIA Rio 1.2 Hatchback
,
,
Mercedes-Benz CLA-class 1.6 Coupe
,
Mitsubishi Motors Lancer 1.3 Sedan
,
Toyota Corolla 1.5 Sedan
,
,
Mazda BT-50 2.2 Pickup (4x2)
,
KIA Cerato 1.6 Sedan
","Automatic,Automatic,Automatic,Automatic,Manual,Manual,Manual,Automatic,Manual,Automatic,Manual,Automatic","Jan 2018,May 2015,Jan 2017,Jan 2010,Feb 2013,Apr 2009,Jun 2014,Mar 2018,Apr 2010,Nov 2001,Diesel,Nov 2016"
"https://www.mycar.mu/public/thumb2.php?src=/listings/mycar_vehicle_listing_8710401044917_8420401045508.jpg&w=242&h=200&q=100&zc=2,https://www.mycar.mu/public/thumb2.php?src=/listings/mycar_vehicle_listing_8940219012909_7460219013429.jpg&w=242&h=200&q=100&zc=2,https://www.mycar.mu/public/thumb2.php?src=/listings/mycar_vehicle_listing_42626_5340103115514.jpg&w=242&h=200&q=100&zc=2,https://www.mycar.mu/public/thumb2.php?src=/listings/mycar_vehicle_listing_45104_9450214094118.jpg&w=242&h=200&q=100&zc=2,https://www.mycar.mu/public/thumb2.php?src=/listings/mycar_vehicle_listing_4510303080441_7540303081250.jpg&w=242&h=200&q=100&zc=2,https://www.mycar.mu/public/thumb2.php?src=/listings/mycar_vehicle_listing_45849_8880325013128.jpg&w=242&h=200&q=100&zc=2,https://www.mycar.mu/public/thumb2.php?src=/listings/mycar_vehicle_listing_8480126100651_7040126101633.jpg&w=242&h=200&q=100&zc=2,https://www.mycar.mu/public/thumb2.php?src=/listings/mycar_vehicle_listing_1090401113621_6100401113855.jpg&w=242&h=200&q=100&zc=2,https://www.mycar.mu/public/thumb2.php?src=/listings/mycar_vehicle_listing_4830401021521_3610401021747.jpg&w=242&h=200&q=100&zc=2,https://www.mycar.mu/public/thumb2.php?src=/listings/mycar_vehicle_listing_1090207021403_2910207022443.jpeg&w=242&h=200&q=100&zc=2,https://www.mycar.mu/public/thumb2.php?src=/listings/mycar_vehicle_listing_4300401091305_7880401091753.jpg&w=242&h=200&q=100&zc=2,https://www.mycar.mu/public/thumb2.php?src=/listings/mycar_vehicle_listing_9910308052449_1680308053419.jpg&w=242&h=200&q=100&zc=2","
Honda Vezel 1.5
,
,
Honda Jazz 1.5
,
BMW 5-series 2.5 Sedan
,
,
BMW 1-series 2.0 Hatchback
,
KIA Cerato 1.6 Hatchback
,
Toyota Passo 1.0
,
Mercedes-Benz C-class 1.6 Sedan
,
,
Ford Ranger 2.2 Pickup (4x4)
,
Peugeot 3008 2.0
,
,
BMW X3 2.0
,
,
Honda Civic 1.6 Sedan
,
,
Renault Sandero 1.6 Hatchback
,
","94,000km,26,000km,250,000km,186,000km,76,000km,166,000km,97,000km,192,000km,36,000km,2,100km,95,613km,200,000km"," - Z Sensing , - 523ia, - AMG, - GT, - MSPORT, - Executive, - 2010"," 850,000 , 975,000 , 250,000 , 340,000 , 550,000 , 325,000 , 1,200,000 , 950,000 , 1,550,000 , 2,750,000 , 800,000 , 55,000 ","Pre-Owned Individual,Pre-Owned Individual,Pre-Owned Individual,Pre-Owned Individual,Pre-Owned Individual,Pre-Owned Individual,Local Pre-Owned dealer,Pre-Owned Individual,Local Pre-Owned dealer,Pre-Owned Individual,Local Pre-Owned dealer,Pre-Owned Individual","
Honda Vezel 1.5
,
,
Honda Jazz 1.5
,
BMW 5-series 2.5 Sedan
,
,
BMW 1-series 2.0 Hatchback
,
KIA Cerato 1.6 Hatchback
,
Toyota Passo 1.0
,
Mercedes-Benz C-class 1.6 Sedan
,
,
Ford Ranger 2.2 Pickup (4x4)
,
Peugeot 3008 2.0
,
,
BMW X3 2.0
,
,
Honda Civic 1.6 Sedan
,
,
Renault Sandero 1.6 Hatchback
,
","Automatic,CVT,Automatic,Manual,Automatic,Automatic,Automatic,Manual,Automatic,Automatic,Automatic,Manual","Mar 2016,Oct 2019,May 2000,Sep 2010,Oct 2013,Aug 2011,Mar 2017,Jan 2015,Jan 2019,Aug 2018,Jul 2015,Aug 2010"
"https://www.mycar.mu/public/thumb2.php?src=/listings/mycar_vehicle_listing_130113100025.jpg&w=242&h=200&q=100&zc=2,https://www.mycar.mu/public/thumb2.php?src=/listings/mycar_vehicle_listing_4770222100058.jpg&w=242&h=200&q=100&zc=2,https://www.mycar.mu/public/thumb2.php?src=/listings/mycar_vehicle_listing_8160331024738_6390331024911.jpg&w=242&h=200&q=100&zc=2,https://www.mycar.mu/public/thumb2.php?src=/listings/mycar_vehicle_listing_8130331021815_3410331022010.jpg&w=242&h=200&q=100&zc=2,https://www.mycar.mu/public/thumb2.php?src=/listings/mycar_vehicle_listing_9470308124629_9770308125000.jpg&w=242&h=200&q=100&zc=2,https://www.mycar.mu/public/thumb2.php?src=/listings/mycar_vehicle_listing_4580331113652_4610331113840.jpg&w=242&h=200&q=100&zc=2,https://www.mycar.mu/public/thumb2.php?src=/listings/mycar_vehicle_listing_8910331112150_8120331112410.jpg&w=242&h=200&q=100&zc=2,https://www.mycar.mu/public/thumb2.php?src=/listings/mycar_vehicle_listing_3180331105958_5700331110513.jpg&w=242&h=200&q=100&zc=2,https://www.mycar.mu/public/thumb2.php?src=/listings/mycar_vehicle_listing_8630330083024_6500330083316.jpg&w=242&h=200&q=100&zc=2,https://www.mycar.mu/public/thumb2.php?src=/listings/mycar_vehicle_listing_3790331045410_6110331045537.jpeg&w=242&h=200&q=100&zc=2,https://www.mycar.mu/public/thumb2.php?src=/listings/mycar_vehicle_listing_4650311083754_2110311084500.jpg&w=242&h=200&q=100&zc=2,https://www.mycar.mu/public/thumb2.php?src=/listings/mycar_vehicle_listing_2700318053339_1510318054221.jpg&w=242&h=200&q=100&zc=2","
BMW M3 3.0 Sedan
,
,
BMW X7 3.0
,
,
Audi Q3 1.4
,
Audi TT 2.0 Coupe
,
Volkswagen Passat 2.0 Sedan
,
BMW 3-series 1.8 Sedan
,
KIA Optima 2.0
,
Mercedes-Benz E-class 2.0 Sedan
,
MINI Cooper 1.6
,
,
BMW X5 2.0
,
,
Mazda CX-5 2.0
,
,
Toyota RAV4 2.5
","13,700km,11,600km,120,000km,47,992km,55,000km,86,200km,142,000km,43,500km,98,000km,90,000km,142,428km,27,374km"," - CS, - xDrive40iA Pure Excellence, - Convertible, - 25xdrive, - Skyactive Technology"," 5,300,000 , 6,200,000 , 895,000 , 1,700,000 , 900,000 , 688,000 , 465,000 , 2,075,000 , 385,000 , 1,950,000 , 750,000 , 1,899,000 , 1,990,000","Local Pre-Owned dealer,Local Pre-Owned dealer,Local Pre-Owned dealer,Local Pre-Owned dealer,Pre-Owned Individual,Local Pre-Owned dealer,Local Pre-Owned dealer,Local Pre-Owned dealer,Pre-Owned Individual,Pre-Owned Individual,Local Pre-Owned dealer,Local Pre-Owned dealer","
BMW M3 3.0 Sedan
,
,
BMW X7 3.0
,
,
Audi Q3 1.4
,
Audi TT 2.0 Coupe
,
Volkswagen Passat 2.0 Sedan
,
BMW 3-series 1.8 Sedan
,
KIA Optima 2.0
,
Mercedes-Benz E-class 2.0 Sedan
,
MINI Cooper 1.6
,
,
BMW X5 2.0
,
,
Mazda CX-5 2.0
,
,
Toyota RAV4 2.5
","Automatic,Automatic,Automatic,Automatic,Automatic,Automatic,Automatic,Automatic,Manual,Automatic,Automatic,Automatic","Nov 2018,Jul 2019,Jul 2015,Jan 2016,Jul 2017,Oct 2013,Jun 2015,Jun 2018,Oct 2007,Aug 2015,Oct 2016,Mar 2019"
"https://www.mycar.mu/public/thumb2.php?src=/listings/mycar_vehicle_listing_540330092803_8550330093021.jpg&w=242&h=200&q=100&zc=2,https://www.mycar.mu/public/thumb2.php?src=/listings/mycar_vehicle_listing_7430330092117_7240330092313.jpg&w=242&h=200&q=100&zc=2,https://www.mycar.mu/public/thumb2.php?src=/listings/mycar_vehicle_listing_3121230121820.jpg&w=242&h=200&q=100&zc=2,https://www.mycar.mu/public/thumb2.php?src=/listings/mycar_vehicle_listing_2660314043522_9120314043922.jpg&w=242&h=200&q=100&zc=2,https://www.mycar.mu/public/thumb2.php?src=/listings/mycar_vehicle_listing_41339_6090330032308.jpg&w=242&h=200&q=100&zc=2,https://www.mycar.mu/public/thumb2.php?src=/listings/mycar_vehicle_listing_950330024656_6310330024944.jpg&w=242&h=200&q=100&zc=2,https://www.mycar.mu/public/thumb2.php?src=/listings/mycar_vehicle_listing_9990329024828_9660329025127.jpg&w=242&h=200&q=100&zc=2,https://www.mycar.mu/public/thumb2.php?src=/listings/mycar_vehicle_listing_41735_7610330024456.jpg&w=242&h=200&q=100&zc=2,https://www.mycar.mu/public/thumb2.php?src=/listings/mycar_vehicle_listing_1240330020124_6420330020342.jpg&w=242&h=200&q=100&zc=2,https://www.mycar.mu/public/thumb2.php?src=/listings/mycar_vehicle_listing_2950330014128_680330014414.jpg&w=242&h=200&q=100&zc=2,https://www.mycar.mu/public/thumb2.php?src=/listings/mycar_vehicle_listing_9100330013434_5990330013653.jpg&w=242&h=200&q=100&zc=2,https://www.mycar.mu/public/thumb2.php?src=/listings/mycar_vehicle_listing_43765_2030330010942.jpg&w=242&h=200&q=100&zc=2","
Mercedes-Benz C-class 1.6 Sedan
,
,
BMW X2 1.5
,
,
BMW X7 3.0
,
,
MINI Cooper 1.2
,
Mercedes-Benz E-class 2.2 Cabriolet
,
,
Porsche Macan 2.0
,
 BMW X1 1.5
,
,
Honda Civic 1.5 Hatchback

,
BMW X1 1.5
,
,
BMW X2 1.5
,
Hyundai Kona 1.6
,
Nissan Note 1.2 Hatchback
","75,000km,33,000km,6,500km,80,000km,29,000km,71,000km,12,846km,26,531km,40,223km,21,834km,8,139km,39,705km"," - C180 AMG, - SDrive 1.8i M Sport Package, - xDrive40iA Pure Excellence, - E220 Convertible AMG Package , - S Drive 18i, - SDrive Msport"," 425,000 , 1,995,000 , 7,200,000 , 875,000 , 3,500,000 , 3,050,000 , 2,300,000 , 1,550,000 , 2,118,800 , 2,000,000 , 1,250,000 , 830,000 ","Local Pre-Owned dealer,Local Pre-Owned dealer,Local Pre-Owned dealer,Local Pre-Owned dealer,Local Pre-Owned dealer,Local Pre-Owned dealer,Local Pre-Owned dealer,Imported / Recon dealer,Local Pre-Owned dealer,Local Pre-Owned dealer,Local Pre-Owned dealer,Imported / Recon dealer","
Mercedes-Benz C-class 1.6 Sedan
,
,
BMW X2 1.5
,
,
BMW X7 3.0
,
,
MINI Cooper 1.2
,
Mercedes-Benz E-class 2.2 Cabriolet
,
,
Porsche Macan 2.0
,
 BMW X1 1.5
,
,
Honda Civic 1.5 Hatchback

,
BMW X1 1.5
,
,
BMW X2 1.5
,
Hyundai Kona 1.6
,
Nissan Note 1.2 Hatchback
","Manual,Automatic,Automatic,Automatic,Automatic,Automatic,Automatic,Automatic,Automatic,Automatic,Automatic,Automatic","Jun 2010,Jul 2018,Oct 2021,Nov 2015,May 2018,Nov 2017,Aug 2021,Jan 2018,Feb 2020,Sep 2018,Feb 2021,Apr 2018"
"https://www.mycar.mu/public/thumb2.php?src=/listings/mycar_vehicle_listing_43517_1820330010718.jpg&w=242&h=200&q=100&zc=2,https://www.mycar.mu/public/thumb2.php?src=/listings/mycar_vehicle_listing_45906_4790330123903.jpg&w=242&h=200&q=100&zc=2,https://www.mycar.mu/public/thumb2.php?src=/listings/mycar_vehicle_listing_4600323033544_7730323033820.jpg&w=242&h=200&q=100&zc=2,https://www.mycar.mu/public/thumb2.php?src=/listings/mycar_vehicle_listing_9940330100609_7680330101137.jpg&w=242&h=200&q=100&zc=2,https://www.mycar.mu/public/thumb2.php?src=/listings/mycar_vehicle_listing_8530129100016.jpg&w=242&h=200&q=100&zc=2,https://www.mycar.mu/public/thumb2.php?src=/listings/mycar_vehicle_listing_6920328045625_470328050822.jpeg&w=242&h=200&q=100&zc=2,https://www.mycar.mu/public/thumb2.php?src=/listings/mycar_vehicle_listing_2480329031452_2540329032051.jpg&w=242&h=200&q=100&zc=2,https://www.mycar.mu/public/thumb2.php?src=/listings/mycar_vehicle_listing_9940919020416_4160919020652.jpg&w=242&h=200&q=100&zc=2,https://www.mycar.mu/public/thumb2.php?src=/listings/mycar_vehicle_listing_2070919122013_1050919122337.jpg&w=242&h=200&q=100&zc=2,https://www.mycar.mu/public/thumb2.php?src=/listings/mycar_vehicle_listing_4570919115707_4950919120255.jpg&w=242&h=200&q=100&zc=2,https://www.mycar.mu/public/thumb2.php?src=/listings/mycar_vehicle_listing_1790919110409_6950919110907.jpg&w=242&h=200&q=100&zc=2,https://www.mycar.mu/public/thumb2.php?src=/listings/mycar_vehicle_listing_31913_900919110949.jpg&w=242&h=200&q=100&zc=2","
BMW 1-series 1.5 Hatchback
,
,
Suzuki Celerio 1.0
,
BMW 1-series 1.6 Hatchback
,
Peugeot 208 1.0
,
BMW X5 4.4
,
,
BMW X1 1.5
,
,
Hyundai Kona 1.6
,
,
Porsche 911 Carrera 3.0
,
,
Porsche 911 Carrera 3.0
,
,
Porsche 911 Carrera 3.0
,
Porsche Macan 3.0
,
,
Porsche Macan 2.0
","15,225km,26,000km,74,000km,82,000km,33,675km,48,000km"," - 118i M Sport-Shadow Edition , - M, - 2020, - Hybrid, - 4 S, - S, - S "," 1,650,000 , 350,000 , 645,000 , 269,000 , 4,950,000 , 2,100,000 , 1,719,000 , 12,500,000 , 11,000,000 , 9,800,000 , 7,400,000 , 5,120,000 ","Imported / Recon dealer,Pre-Owned Individual,Local Pre-Owned dealer,Local Pre-Owned dealer,Local Pre-Owned dealer,Pre-Owned Individual,New,New,New,New,New,New","
BMW 1-series 1.5 Hatchback
,
,
Suzuki Celerio 1.0
,
BMW 1-series 1.6 Hatchback
,
Peugeot 208 1.0
,
BMW X5 4.4
,
,
BMW X1 1.5
,
,
Hyundai Kona 1.6
,
,
Porsche 911 Carrera 3.0
,
,
Porsche 911 Carrera 3.0
,
,
Porsche 911 Carrera 3.0
,
Porsche Macan 3.0
,
,
Porsche Macan 2.0
","Automatic,Automatic,Manual,Manual,Automatic,Automatic,Automatic,Automatic,Automatic,Automatic,Automatic,Automatic","Dec 2018,Jan 2019,Apr 2016,Mar 2013,Jun 2015,Jul 2020,Hybrid/Petrol,Petrol,Petrol,Petrol,Petrol,Petrol"
